Autores,Titulo,Ano de Publicacao,Fonte,Status,EEG,BCI,MI,Classification,Model/pipeline,Temporal_filter,Anotation
"Wang L, Xu G, Wang J, Yang S, Yan W.",Application of Hilbert-Huang transform for the study of motor imagery tasks,2008,PubMed,passou,passou,passou,passou,passou,passou,passou,Usa EMD para decomposição. Usa Hilbert-Huang como extrator de caracteristicas (talvez usa na real como filtro temporal. ver mais a fundo)
"Shin J, Kwon J, Im CH.","A Ternary Hybrid EEG-NIRS Brain-Computer Interface for the Classification of Brain Activation Patterns during Mental Arithmetic, Motor Imagery, and Idle State",2018,PubMed,passou,passou,passou,passou,passou,passou,passou,Usa FBCSP. Porem o foco é mostrar anaslises EEG-NIRS.
"Song Y, Sepulveda F.",A novel onset detection technique for brain-computer interfaces using sound-production related cognitive tasks in simulated-online system,2017,PubMed,passou,passou,passou,depende,depende,passou,depende,Não aparenta com claresa ser um caso de EEG-BCI-MI de classificação. Porem fala de metodos de filtragem sendo usados como extração de caracteristisas (Band power e DWT - Wavelet).
"D J, K C S.",Parallel convolutional neural network and empirical mode decomposition for high accuracy in motor imagery EEG signal classification,2025,PubMed,passou,passou,passou,passou,passou,passou,depende,"Usa EMD, mas fala que é como extrator de caracteristicas."
"Jaipriya D, Sriharipriya KC.",A comparative analysis of masking empirical mode decomposition and a neural network with feed-forward and back propagation along with masking empirical mode decomposition to improve the classification performance for a reliable brain-computer interface,2022,PubMed,passou,passou,passou,passou,passou,passou,depende,Usa Masking Empirical Mode Decomposition (MEMD) based Feed Forward Back Propagation Neural Network (MEMD-FFBPNN). Verificar se acaba tendo ou não uso como filtro temporal ou não.
"Huang D, Lin P, Fei DY, Chen X, Bai O.",EEG-based online two-dimensional cursor control,2009,PubMed,passou,passou,passou,passou,passou,passou,passou,"Artigo fala ""Spatial filtering, temporal filtering, feature selection and classification methods were explored to support accurate computer pattern recognition"". Portanto vai ter filtragem temporal clara."
"Qiao J, Hu P, Hong J.",[Research of classification about BCI based on the signals energy],2014,PubMed,passou,passou,passou,passou,passou,passou,passou,"Artigo usa um ""six-border Butterworth filter"", juntamente de ""decomposed to five levels using Daubechies wavelet and the fourth level and the fifth level are chosen to reconstruct the signals"". Provavelmente 2 filtros temporais."
"Asogbon MG, Samuel OW, Li X, Nsugbe E, Scheme E, Li G.",A linearly extendible multi-artifact removal approach for improved upper extremity EEG-based motor imagery decoding,2021,PubMed,passou,passou,passou,passou,passou,passou,depende,"Artigo propoe ""semi-automatic EEG preprocessing method that combines Generalized Eigenvalue Decomposition driven by low-rank approximation and a Multi-channel Wiener Filter (GEVD-MWF) that employs a learning technique for simultaneous elimination of multiple artifacts from MI-EEG signals"". Talvez uma das etapas isoladas esteja servido como um metodo de filtragem temporal ou ele mesmo aplique um."
"Zhang M, Huang J, Ni S.",Recognition of motor intentions from EEGs of the same upper limb by signal traceability and Riemannian geometry features,2023,PubMed,passou,passou,passou,passou,passou,passou,passou,"Artigo utiliza FBCSP como um dos modelos. Esse modelo tem filtro temporal, porem é bom ver se tem mais outros dentro."
"Tong J, Wei X, Dong E, Sun Z, Du S, Duan F.",Hybrid mental tasks based human computer interface via integration of pronunciation and motor imagery,2022,PubMed,passou,passou,passou,depende,depende,passou,passou,"Artigo usa ""pronunciation imagination (PI)"" além de MI, usa uma versão do FBCSP e aparenta ser um problema de classificação. Melhor ler para verificar."
"Tavakolan M, Yong X, Zhang X, Menon C.",Classification Scheme for Arm Motor Imagery,2016,PubMed,passou,passou,passou,passou,passou,passou,passou,"Artigo usa FBCSP como modelo de comparação e as classes utilizadas na classificação são estranhas (grasping e rest, elbow flexion e rest)."
"Xie Y, Oniga S.",Classification of Motor Imagery EEG Signals Based on Data Augmentation and Convolutional Neural Networks,2023,PubMed,passou,passou,passou,passou,passou,passou,depende,"O artigo não fala exatamente do uso de filtragem temporal, mas fala ""combined time-frequency domain data enhancement method"". Portanto vale a pena ler e verificar"
"Liu R, Zhang Z, Duan F, Zhou X, Meng Z.",Identification of Anisomerous Motor Imagery EEG Signals Based on Complex Algorithms,2017,PubMed,passou,passou,passou,passou,passou,passou,depende,"Artigo fala do uso de ""band-pass filtering"", mas não aparece nada muito claro. Ler e verificar"
Belwafi K.; Ghaffari F.; Djemal R.; Romain O.,A Hardware/Software Prototype of EEG-based BCI System for Home Device Control,2017,Scopus,depende,passou,passou,passou,passou,passou,depende,"Artigo fala sobre ""an adaptive filter design"", e fala do uso de tecnicas de pre-processamento logo no hardware. Olhar para ter certeza que tem filtro temporal."
Fagg A.H.; Ojakangas G.W.; Miller L.E.; Hatsopoulos N.G.,Kinetic trajectory decoding using motor cortical ensembles,2009,Scopus,depende,passou,passou,passou,nao_passou,depende,depende,Artigo se trata de um caso de MI fora do escopo de classificação. Não aparenta claramente se tem filtro temporal.
Shin J.; Kwon J.; Im C.-H.,"A ternary hybrid EEG-NIRS brain-computer interface for the classification of brain activation patterns during mental arithmetic, motor imagery, and idle state",2018,Scopus,passou,passou,passou,passou,passou,passou,passou,"Artigo fala do uso do FBCSP, portanto tem filtro temporal."
Wang J.; Yao L.; Wang Y.,Enhanced Online Continuous Brain-Control by Deep Learning-Based EEG Decoding,2025,Scopus,depende,passou,passou,passou,depende,passou,passou,"Fala do uso do FBCSP e de um modelo chamado IFNet. Aparentemente tem filtro temporal, porem não ta claro ainda se o artigo se trata de um caso de classificação."
Polak Mark; Kostov Aleksandar,Feature extraction in development of brain-computer interface: A case study,1998,Scopus,depende,passou,passou,passou,passou,passou,depende,"Artigo fala ""We compared power spectrum calculated by fast Fourier transform (FFT) and auto regressive (AR) coefficients calculated by Burg's algorithm"". Não fica claro sobre o uso de filtros temporais."
Mahamune R.; Laskar S.H.,Feature Extraction Techniques for the Classification of Four-Class Motor Imagery Based EEG Data: A Comparison,2021,Scopus,depende,passou,passou,passou,passou,passou,depende,"Artigo fala ""four different features, namely channel FFT energy, mean band power, mean channel energy, and Discrete Wavelet Transform (DWT) based mean band energy features, are extracted from pre-processed EEG signals"". Pode ser que tenha uso na verdade como filtro temporal, portanto vale a pena ver para ter certeza."
Zhang Y.; Zhang C.; Sun S.; Xu G.,Research on motor imagery recognition based on feature fusion and transfer adaptive boosting,2025,Scopus,nao_passou,passou,passou,passou,passou,passou,depende,Artigo em Chines
Xie Y.; Oniga S.,Enhancing Motor Imagery Classification in Brain–Computer Interfaces Using Deep Learning and Continuous Wavelet Transform,2024,Scopus,depende,passou,passou,passou,passou,passou,depende,"Artigo fala ""incorporates different input signals, such as continuous wavelet transform, short-time Fourier transform, and common spatial patterns"". Pode ser que são usadas como filtro temporal. Fala que usa CNN também."
Thomas K.P.; Guan C.; Tong L.C.; Prasad V.A.,An adaptive filter bank for motor imagery based Brain Computer Interface,2008,Scopus,passou,passou,passou,passou,passou,passou,passou,"Artigo fala ""low complexity adaptive Finite Impulse Response (FIR) filter bank system based on coefficient decimation technique which can realize the subject-specific bandpass filters adaptively depending on the information of Fisher ratio map""."
Wang J.; Feng Z.; Lu N.; Luo J.,Toward optimal feature and time segment selection by divergence method for EEG signals classification,2018,Scopus,passou,passou,passou,passou,passou,passou,passou,"Artigo fala que ""a broad frequency band filtering"" num contexto de filtro temporal."
Niu X.; Lu N.; Yan R.; Luo H.,Model and Data Dual-Driven Double-Point Observation Network for Ultra-Short MI EEG Classification,2024,Scopus,depende,passou,passou,passou,passou,passou,depende,"Fala que usa DoNet: ""First, an analytical solution is developed theoretically to perform ultra-short signal classification based on double-point couples. Then, a signal-noise model is constructed to study the interference of noise on classification based on double-point couples"". Não parece ter filtro temporal em uso, mas vale a pena verificar."
Park C.; Looney D.; Ur Rehman N.; Ahrabian A.; Mandic D.P.,Classification of motor imagery BCI using multivariate empirical mode decomposition,2013,Scopus,depende,passou,passou,passou,passou,passou,depende,"Fala ""we investigate the effectiveness of recently introduced multivariate extensions of empirical mode decomposition (MEMD)"", juntamente de ""noise-assisted mode of operation (NA-MEMD) provides a highly localized time-frequency representation"". Parece falar de um metodo de filtragem temporal."
Zhang H.; Dai J.; Zhang S.; Wang Q.; Li Q.; Liu X.; Hao Y.; Yu Y.; Jiang K.; Liu J.; Zhu F.; Chen W.; Zheng X.,Neural ensemble decoding of rat's motor cortex by Kalman filter and optimal linear estimation,2009,Scopus,depende,passou,passou,depende,nao_passou,depende,depende,"Não é caso de classificação e não está claro se ""Kalman filter (KF) and Optimal Linear Estimation (OLE)"" contam como filtro temporal."
Yang Y.; Chen Z.; Li W.; Ma Y.,A Novel Classification Model Based on DWT and CNN-LSTM Motor EEG Imagination Signals,2024,Scopus,depende,passou,passou,passou,passou,passou,depende,Não está claro se o DWT ou a CNN funcionam como filtro temporal. Ler para verificar se tem.
Sakhavi S.; Guan C.; Yan S.,Learning Temporal Information for Brain-Computer Interface Using Convolutional Neural Networks,2018,Scopus,passou,passou,passou,passou,passou,passou,passou,"Artigo fala ""The new representation is generated from modifying the filter-bank common spatial patterns method, and the CNN is designed and optimized accordingly for the representation"". Logo parce ter filtro temporal"
,"6th European Conference of the International Federation for Medical and Biological Engineering, MBEC 2014",2015,Scopus,nao_passou,nao_passou,nao_passou,nao_passou,nao_passou,nao_passou,nao_passou,"Conferencia, só ingnora."
Liu Y.; Li M.; Zhang H.; Wang H.; Li J.; Jia J.; Wu Y.; Zhang L.,A tensor-based scheme for stroke patients' motor imagery EEG analysis in BCI-FES rehabilitation training,2014,Scopus,depende,passou,passou,passou,passou,passou,depende,"Artigo fala ""propose a tensor-based scheme to detect motor imagery EEG patterns in spatial-spectral-temporal domain directly from multidimensional EEG constructed by wavelet transform method"" e ""frequency bands are selected from these patterns and utilized as prior knowledge for the following motor imagery tasks"". Verificar se tem filtro temporal"
Chen Z.; Liang Q.; Zhang B.,Analysis of EEG signal evoked by passive movement and motor imagery,2018,Scopus,depende,passou,passou,depende,depende,passou,passou,"Não é MI puro, mas deve ter para fazer a comparação. Fala do uso do FBCSP. Verificar para ter certeza de mais filtros temporais."
Abdul Ameer Abbas A.; Martínez-García H.,Real-Time Motor Imagery-Based Brain–Computer Interface System by Implementing a Frequency Band Selection,2023,Scopus,depende,passou,passou,passou,passou,depende,depende,"Artigo fala ""In addition, a digital signal filter will be designed to keep the most characteristic frequency bands of each individual and increase accuracy significantly"", mas vale a pena ver com certeza"
Zhang S.; Lu Z.; Zhang B.; Zhang Y.; Liang Z.; Zhang L.; Li L.; Huang G.; Zhang Z.; Li Z.,Graph-based feature learning methods for subject-dependent and subject-independent motor imagery EEG decoding,2025,Scopus,depende,passou,passou,passou,passou,passou,depende,"Não aparenta com clareza utilizar metodo de filtragem temporal. Verificar para ver se tem, mesmo falando ""Firstly, construct a complete time–frequency-spatial-graph (TFSG) feature space"""
Guger C.; Schlögl A.; Neuper C.; Walterspacher D.; Strain T.; Pfurtscheller G.,Rapid prototyping of an EEG-based brain-computer interface (BCI),2001,Scopus,depende,passou,passou,passou,passou,depende,nao_passou,"Fala de ""rapid prototyping is possible by using Matlab, Simulink, and the Real-Time Workshop"". Não toca no assunto de mostrar um modelo, menos ainda fala de filtro temporal"
Song Y.; Sepulveda F.,Comparison between covert sound-production task (sound-imagery) vs. motor-imagery for onset detection in real-life online self-paced BCIs,2020,Scopus,depende,passou,passou,depende,passou,nao_passou,nao_passou,"Não fala de metodo, fala de uma nova forma de fazer experimentos. Não apresentou nenhum modelo também"
Xie S.; Duan X.; Feng H.; Meng Y.; Chen G.,Robot control system using a mental task-based brain computer interface,2017,Scopus,nao_passou,passou,passou,depende,passou,depende,depende,Ta em chines
Sherwani F.; Shanta S.; Ibrahim B.S.K.K.; Huq M.S.,Wavelet based feature extraction for classification of motor imagery signals,2016,Scopus,depende,passou,passou,passou,passou,passou,depende,"Fala do uso de ""Daubechies wavelet decomposition (db8) has been employed to decompose the recorded EEG signals into four levels"". O que implica em certamente num uso como filtro temporal, mas vale a pena conferir"
Xu B.-G.; Song A.-G.; Fei S.-M.,Feature extraction and classification of EEG in online brain-computer interface,2011,Scopus,depende,passou,passou,passou,passou,passou,depende,"Artigo fala de ""EEG signal was decomposed to three levels by Daubechies wavelet function and statistics of wavelet coefficients were computed"", logo faz sentido ter uso do Wavelet como filtro temporal"
Ge S.; Wang R.; Yu D.,Classification of four-class motor imagery employing single-channel electroencephalography,2014,Scopus,depende,passou,passou,passou,passou,passou,depende,"Fala sobre ""applied a short-time Fourier transform to decompose a single-channel electroencephalography signal into the time-frequency domain and construct multi-channel information"". Pode ser que o STFT seja filtro temporal."
Kamousi B.; Amini A.N.; He B.,Classification of motor imagery by means of cortical current density estimation and Von Neumann entropy,2007,Scopus,depende,passou,passou,passou,passou,depende,depende,"Fala ""goal of the present study is to employ the source imaging methods such as cortical current density estimation for the classification of left- and right-hand motor imagery tasks"" depois fala ""EEG was first preprocessed by surface Laplacian filtering, time-frequency filtering, noise normalization and independent component analysis"". Verificar com mais clareza sobre o que se fala."
Liu C.; Fu Y.; Yang J.; Xiong X.; Sun H.; Yu Z.,Discrimination of motor imagery patterns by electroencephalogram phase synchronization combined with frequency band energy,2017,Scopus,depende,passou,passou,passou,nao_passou,depende,depende,"Não é um caso de Classificação, mas fala """
Dong F.; Wu L.; Feng Y.; Liang D.,Research on Movement Intentions of Human's Left and Right Legs Based on Electro-Encephalogram Signals,2022,Scopus,depende,passou,passou,passou,passou,depende,depende,"Parece ser meio fora da curva, pois trabalha com movimento de perna robotica usando apenas classificação. Entretanto também não fala de um modelo, mas pode ser que tenha filtro temporal. Melhor olhar mais a fundo para ter certeza antes ja que ""the EEG signals generated by the protocol were preprocessed""."
Yang B.-h.; Yan G.-z.; Yan R.-g.; Wu T.,Adaptive subject-based feature extraction in brain-computer interfaces using wavelet packet best basis decomposition,2007,Scopus,depende,passou,passou,passou,passou,depende,depende,"Fala que ""electroencephalogram (EEG) signals are decomposed to a given level by wavelet packet transform"". Pode ser que isso é filtro temporal, mas vale a pena ter certeza."
Chen G.; Zhang J.; Yao L.,An improved feature extraction method for self-paced brain-computer interface application,2009,Scopus,depende,passou,passou,passou,passou,passou,depende,"Artigo fala ""features are extracted by stationary wavelet transform and bandpass filtering"", porem bandpass normalmente é usada em e como filtro temporal. Ler para ter certeza"
Singh Malan N.; Sharma S.,Time window and frequency band optimization using regularized neighbourhood component analysis for Multi-View Motor Imagery EEG classification,2021,Scopus,depende,passou,passou,passou,passou,passou,depende,"Artigo fala ""This study proposes a novel multi-view feature selection method based on regularized neighbourhood component analysis to simultaneously optimize time windows and frequency bands"". Verificar para ter certeza se usa filtro temporal."
Nguyen N.A.T.; Tao Q.-B.; Yang H.-J.; Huynh H.T.; Vinh N.T.Q.; Ninh D.K.,iTa-DFiE: An Innovative Tensor Algebra-Based Detection Framework for Incomplete Noninvasive Electroencephalography,2024,Scopus,depende,passou,passou,depende,passou,depende,depende,Fala de um metodo para ajudar em caso de EEG sem dados completos. Ai o Innovative Tensor Algebra-based Detection Framework for Incomplete Noninvasive Electroencephalography (iTa-DFiE) resolve o problema. Ver mais a fundo se ele se encaixa
Xue S.; Geng X.; Li D.,Feature Extraction and Classification of EEG Signal Based on Deep Learning,2022,Scopus,depende,passou,passou,passou,passou,passou,depende,"Fala ""both independent component analysis (ICA) and empirical mode decomposition (EMD) are used to remove noise interferences such as electrooculogram (EOG) and electrocardiogram (ECG) mixed in EEG signals"", o que parece usar EMD como filtro temporal."
Pa Aung K.P.; Nwe K.H.,Regions of Interest (ROI) Analysis for Upper Limbs EEG Neuroimaging Schemes,2020,Scopus,depende,passou,passou,passou,passou,depende,depende,Não fala de forma clara de um modelo nem de um metodo de filtro temporal. Mas pode ser que tenha.
Mishra S.; Mahmudi O.; Jalali A.,Motor Imagery Signal Classification Using Adversarial Learning: A Systematic Literature Review,2024,Scopus,depende,passou,passou,passou,depende,depende,depende,"É uma revisão sistematica, olhar para ver quais os filtros que podem aparecer lá"
Wu W.; Gao X.; Hong B.; Gao S.,Classifying single-trial EEG during motor imagery by iterative spatio-spectral patterns learning (ISSPL),2008,Scopus,depende,passou,passou,passou,passou,passou,depende,"Fala do uso do ""iterative spatio-spectral patterns learning (ISSPL) that employs statistical learning theory to perform automatic learning of spatio-spectral filters"". Por ter uma parte espectral, provavel que tenha um filtro temporal nele, ou alguma etapa relacionada"
Li F.; He F.; Wang F.; Zhang D.; Xia Y.; Li X.,A novel simplified convolutional neural network classification algorithm of motor imagery EEG signals based on deep learning,2020,Scopus,depende,passou,passou,passou,passou,passou,depende,"O Artigo fala ""In this paper, we propose an algorithm that combines continuous wavelet transform (CWT) and a simplified convolutional neural network (SCNN) to improve the recognition rate of MI-EEG signals. Using the CWT, the MI-EEG signals are mapped to time-frequency image signals"". Portanto tem chance de poder considerar a existencia de um filtro temporal no CWT."
Lemm S.; Schäfer C.; Curio G.,BCI Competition 2003 - Data set III: Modeling of sensorimotor μ rhythms for classification of imaginary hand movements,2004,Scopus,depende,passou,passou,passou,passou,depende,depende,"O Artigo fala "" filtering EEG wideband raw data with causal Morlet wavelets, which are adapted to individual EEG spectra. Since imaginary hand movements lead to perturbations of the ongoing pericentral μ rhythm, we estimate probabilistic models for amplitude modulation in lower (10 Hz) and upper (20 Hz) frequency bands over the sensorimotor hand cortices both contra- and ipsilaterally to the imagined movements (i.e., at EEG channels C3 and C4)"". Parece então usar Wavelets como um possivel filtro temporal."
Zhao L.; Sun Y.; Ma Y.; Guo X.; He Y.; Gao X.,Research of brain-computer interface system based on motor imagery,2012,Scopus,depende,passou,passou,passou,passou,depende,depende,"O artigo fala ""Using elliptic filter to signal preprocessing, using FFT to extract the characteristic value of motor imagery EEG"". Possivelmente tem filtro temporal."
Feng Z.; Qian L.; Hu H.; Sun Y.,Functional Connectivity for Motor Imaginary Recognition in Brain-computer Interface,2020,Scopus,passou,passou,passou,passou,passou,passou,passou,"O artigo fala ""The widely-used filter-bank common spatial pattern (FBCSP) approach was employed here for performance assessment"". Porem o foco do artigo não é filtro temporal. Porem ele existe aqui dentro."
Luo T.; Zhou C.,Overlapped Features Strategy and Parameters Optimization Patterns Recognition for Motor Imagery EEG; [重叠特征策略与参数优化的运动想象脑电模式识别],2020,Scopus,nao_passou,passou,passou,passou,passou,depende,depende,Ta em chines
Herman P.; Prasad G.; McGinnity T.M.; Coyle D.,Comparative analysis of spectral approaches to feature extraction for EEG-based motor imagery classification,2008,Scopus,depende,passou,passou,passou,passou,depende,depende,"O artigo fala ""objective of the paper is to perform comparative analysis of different approaches to spectral signal representation such as power spectral density (PSD) techniques, atomic decompositions, time-frequency (t-f) energy distributions, continuous and discrete wavelet approaches, from which band power features can be extracted and used in the framework of MI classification"". Portanto parece ter filtro temporal."
Daly I.; Billinger M.; Scherer R.; Müller-Putz G.,On the automated removal of artifacts related to head movement from the EEG,2013,Scopus,depende,passou,passou,depende,nao_passou,depende,depende,"Não parece ser do escopo de classificação, nem parece ter foco nos modelos para ter um filtro temporal dentro."
Zhuan Z.; Bian Y.; He X.; Yuan P.; Geng L.; Li J.; Sun M.,Research on Hybrid Online Brain-Computer Interface System Based on MI-mVEP,2023,Scopus,passou,passou,passou,depende,passou,passou,passou,"O artigo fala ""acquiring MI and mVEP potentials and electroencephalogram (EEG) signal preprocessing, the filter bank common spatial pattern (FBCSP) algorithm was used to extract MI and mVEP features"", logo é possivel perceber que tem filtro temporal por conta do FBCSP."
Zhou Q.; Ye X.; Li S.; Du Q.; Ke L.,CD3Net: A Contrastive Diffusion Model with Domain Adaptive Data Synthetic Network for Motor Imagery and Emotion classification,2025,Scopus,depende,passou,passou,depende,passou,passou,depende,"O artigo fala ""To adaptively reduce noise, this paper proposes the Contrastive Diffusion Model with Domain Adaptive Data Synthetic Network(CD3Net), a contrastive diffusion model for synthesizing domain adaptation EEG data. Firstly, we separated the clean module and the noise module in the reverse process of diffusion to achieve denoising, then obtained the synthesized data"". Isso me parece ter o uso de uma estrategia para filtragem temporal (denoise). Não fica claro se é para o paradigma MI, mas parece ser por conta das keywords."
Higashi H.; Tanaka T.,Simultaneous design of FIR filter banks and spatial patterns for EEG signal classification,2013,Scopus,depende,passou,passou,passou,depende,passou,depende,"o artigo fala ""To achieve accurate classification in CSP, it is necessary to find frequency bands that relate to brain activities associated with BCI tasks"" e complementa dizendo ""we propose discriminative filter bank CSP (DFBCSP) that designs finite impulse response filters and the associated spatial weights by optimizing an objective function which is a natural extension of that of CSP"". Eu diria que provavelmente vai ter filtro temporal, mas não ta claro se é problema de classificação."
Qin L.; Ding L.; He B.,Motor imagery classification by means of source analysis for brain-computer interface applications,2004,Scopus,depende,passou,passou,depende,depende,depende,depende,Artigo faz um estudo sobre classificação de MI usando o resultado do problema inverso para dizer se foi ou não realisado o movimento. Foi usado o ICA como filtro espaço temporal. Muito tem que ser verificado para enteder melhor o que foi feito e se cabe dentro da SLR
Hsu W.-Y.,Motor imagery EEG discrimination using the correlation of wavelet features,2015,Scopus,depende,passou,passou,passou,passou,passou,depende,"O artigo fala "" Time-frequency representation is constructed by means of continuous wavelet transform from EEG signals and then weighted with 2-sample t-statistics, which are also used to automatically select the area of interest in advance"". Parece que foi usado o wavelet como filtro temporal"
Firat Ince N.; Arica S.; Tewfik A.,Classification of single trial motor imagery EEG recordings with subject adapted non-dyadic arbitrary time-frequency tilings,2006,Scopus,depende,passou,passou,passou,passou,passou,depende,"O artigo fala ""EEG data obtained from the C3/C 4 electrode locations of the standard 10/20 system is adaptively segmented in time, over a non-dyadic grid by maximizing the probabilistic distances between expansion coefficients corresponding to left and right hand movement imagery. This is followed by a frequency domain clustering procedure in each adapted time segment to maximize the discrimination power of the resulting time-frequency features"", o que mostra que deve ter de forma mais clara no artigo uma forma de filtragem temporal."
Schlögl A.; Lee F.; Bischof H.; Pfurtscheller G.,Characterization of four-class motor imagery EEG data for the BCI-competition 2005,2005,Scopus,depende,passou,passou,passou,passou,depende,depende,"Pode ser que o Kalman filter falado no artigo aparece como um filtro temporal, mas é melhor ler para ter certeza."
Eltokhy M.A.R.; Idris S.; Gouda M.M.; Hamad H.; Hosny T.; El-Rifaie A.M.,Electroencephalogram Feature Extraction and Classification of Motor Imagery EEG Based on Machine Learning Algorithms,2025,Scopus,passou,passou,passou,passou,passou,passou,passou,"O artigo fala ""The signals were sampled at 200 Hz and preprocessed with notch filtering (8–40 Hz) to remove noise and artifacts. Features were extracted from both the frequency and time-frequency domains—including power spectral density and wavelet coefficients—to capture discriminative neural patterns associated with motor imagery"", logo é claro que tem filtro temporal ao menos no notch filter."
Lu N.; Li T.; Ren X.; Miao H.,A Deep Learning Scheme for Motor Imagery Classification based on Restricted Boltzmann Machines,2017,Scopus,depende,passou,passou,depende,passou,passou,depende,"O artigo fala "" Specifically, frequency domain representations of EEG signals obtained via fast Fourier transform (FFT) and wavelet package decomposition (WPD) are obtained to train three RBMs"". Pode ser que o FFT ou WPD são usados como filtro temporal."
Chandrakant N.,Administrating MANETs via brain computer interface,2014,Scopus,depende,passou,passou,depende,depende,depende,depende,"O artigo fala ""The algorithms of Digital signal processing and pattern recognition certainly constitute necessary components of a BCI system which are applied to the EEG signals to decode mental states those are relevant for BCI operation"" mas complementa apenas depois com ""The processed data has been applied on to nodes of MANET where each set of sensor nodes are used for particular application"". Acretido que esse artigo pode ser cortado fora, mas vale a pena ver para ter certeza."
Aydemir O.; Kayikcioglu T.,Wavelet transform based classification of invasive brain computer interface data,2011,Scopus,,nao_passou,passou,passou,passou,passou,depende,É de ECoG e não EEG.
Avilés-Cruz C.; Villegas-Cortez J.; Ferreyra-Ramírez A.; Zúnuñiga López A.,EEG pattern recognition: An efficient improvement combination of ERD/ERS/Laterality features to create a self-paced BCI system,2016,Scopus,depende,passou,passou,passou,passou,depende,depende,"artigo fala que ""Our proposal uses delta, theta, alfa and beta rhythms to BCI system. From the spectral power, an efficient combination of ERD/ERS/laterality features was used. Because electroencephalogram signals are non-stationary type and highly vary over time and frequency, a detailed time-frequency analysis is applied. Features coming from timefrequency analysis, where eight frequency bands ranging from 0 to 32 Hz were chosen"". Portanto, pode se dizer que usa filtro temporal dentro dessa abordagem, mas não fala claramente que usa."
Duan L.; Hongxin Z.; Khan M.S.; Fang M.,Recognition of motor imagery tasks for BCI using CSP and chaotic PSO twin SVM,2017,Scopus,depende,passou,passou,passou,passou,passou,depende,"Artigo usa ""a common spatial pattern (CSP) and chaotic particle swarm optimization (CPSO) twin support vector machine (TWSVM) scheme"". Não parece ter filtro temporal mas é bom olhar para confirmar."
Zou L.; Wang X.; Shi G.; Ma Z.,EEG feature extraction and pattern classification based on motor imagery in brain-computer interface,2010,Scopus,depende,passou,passou,passou,passou,passou,depende,"Artigo fala "", discrete wavelet transform was firstly applied to extract the features of left and right hand motor imagery in EEG"". Parece que usa DWT como filtro temporal, mas é melhor ter certeza."
Liu C.; Wang H.; Pu H.; Zhang Y.; Zou L.,EEG feature extraction and pattern recognition during right and left hands motor imagery in brain-computer interface,2012,Scopus,depende,passou,passou,passou,passou,passou,depende,"Artigo fala ""discrete wavelet transform method is used to decompose the average power of the channel C3/C4 and P3/P4 in left and right hands imagine movement during the some experimental period of time. The reconstructed signal of approximation coefficient A6 on the sixth level is selected to build up a feature signal"". Portanto parece usar DWT para fazer a filtragem temporal, mas é bom verificar."
López-Montes C.; Cárdenas-Peña D.; Castellanos-Dominguez G.,Supervised Relevance Analysis for Multiple Stein Kernels for Spatio-Spectral Component Selection in BCI Discrimination Tasks,2019,Scopus,depende,passou,passou,passou,passou,depende,depende,"O artigo fala "" propose a spatio-spectral relevance analysis, termed Multiple Stein Kernels (MSK), to simultaneously select channels and bands in a supervised criterion, so reducing the spatial and frequency dimension"". Parece que usa um metodo de filtragem temporal, vale a pena verificar se o MSK funciona como tal ou se tem outro."
Tsui C.S.L.; Gan J.Q.; Roberts S.J.,A self-paced brain - Computer interface for controlling a robot simulator: An online event labelling paradigm and an extended Kalman filter based algorithm for online training,2009,Scopus,depende,passou,passou,depende,depende,depende,depende,"não fala nada com muita clareza, verificar se pode cortar."
Muthong S.; Vateekul P.; Sriyudthsak M.,An adjustment strategy on multi-session EEG data for online left/right hand imagery classification,2016,Scopus,depende,passou,passou,passou,passou,passou,depende,"Aparenta de forma indireta apresentar filtros temporais como mostra em ""In our system, the features are extracted by applying the wavelet transformation, and Neural Network is chosen as our classifier. The experiment was conducted on the BCI IV data set and compared to four existing techniques: (i) non-normalized wavelet, (ii) Z-transform, (iii) CSP, and (iv) CSP with Morlet wavelet, in terms of accuracy"". Entretanto pode ser que o passo a passo em ""subtracting ""estimated mean"" and dividing ""estimated interquartile rage"" (IQR) or ""estimated standard deviation"" (SD), which are obtaining by using exponentially weighted moving average (EWMA)"", pode servir como um ""filtro temporal""."
Ganeshkumar M.; Ang K.K.; So R.Q.,Reject option to reduce false prediction rates for EEG-motor imagery based BCI,2017,Scopus,passou,passou,passou,passou,passou,passou,passou,"Tem nada a ver com filtro temporal, mas usa o FBCSP, logo possui dentro dele um filtro temporal"
Göksu F.; Ince N.F.; Tadipatri V.A.; Tewfik A.H.,Classification of EEG with structural feature dictionaries in a brain computer interface,2008,Scopus,depende,passou,passou,passou,passou,passou,depende,"O artigo fala ""structural feature dictionary and apply it to extract the spectro-temporal patterns of multichannel EEG recordings related to a motor imagery task. The construction of the feature dictionary based on undecimated wavelet packet transform is extended to block FFT"". Pode ser que FFT ou WPT são usados como filtro temporais."
Li B.; Yang B.; Guan C.; Hu C.,Three-class Motor Imagery Classification Based on FBCSP Combined with Voting Mechanism,2019,Scopus,passou,passou,passou,passou,passou,passou,passou,"Tem nada a ver, mas possui o FBCSP, logo tem filtro temporal"
Chaudhary P.; Agrawal R.,Sensory motor imagery EEG classification based on non-dyadic wavelets using dynamic weighted majority ensemble classification,2021,Scopus,passou,passou,passou,passou,passou,passou,passou,"Fala o seguinte ""The framework comprises the three phases as follows: (1) the EEG signal first decomposes into triadic frequency bands: low pass band, band pass filter and high pass filter to localize α, β and high γ frequency bands within the EEG signals"", logo tem filtro temporal."
Zhang H.; Chin Z.Y.; Ang K.K.; Guan C.; Wang C.,Optimum spatio-spectral filtering network for brain-computer interface,2011,Scopus,depende,passou,passou,passou,passou,passou,depende,"O artigo fala ""formulate the learning task for feature extraction as maximizing the mutual information between the spatio-spectral filtering parameters and the class labels. After introducing a nonparametric estimate of mutual information, a gradient-based learning algorithm is devised to efficiently optimize the spatial filters in conjunction with a band-pass filter"". Desta forma aparenta ter filtro temporal, mas vale a pena ter certeza."
Riascos-Salas J.A.; Villota H.; Molinas M.,Beyond Full Electrode Arrays: Optimizing Channel Selection for Motor Imagery BCIs via Individual Channel Classifiers and Ensembles,2026,Scopus,passou,passou,passou,passou,passou,passou,passou,"basicamente faz um estudo fora do nosso escopo, mas usa FBCSP, logo tem filtro temporal"
Aghaei A.S.; Mahanta M.S.; Plataniotis K.N.,Separable common spatio-spectral patterns for motor imagery BCI systems,2016,Scopus,depende,passou,passou,passou,passou,passou,depende,"Fala ""separable common spatio-spectral patterns (SCSSP), for extraction of discriminant spatio-spectral EEG features in MI-BCIs"" complementando com ""Assuming a binary classification problem, SCSSP uses a heteroscedastic matrix-variate Gaussian model for the multiband EEG rhythms, and seeks the spatio-spectral features whose variance is maximized for one brain task and minimized for the other task"". Basicamente fala que o ""SCSSP can be considered as a spatio-spectral generalization of the conventional common spatial patterns (CSP) algorithm"". Pode ser que tenha um filtro temporal novo, mas já que tem FBCSP comparando da pra considerar que tem filtro."
Hao Y.; Lu Q.; Cheng S.,Motor imagery classification method based on Riemannian Manifold and CNN-LSTM for advanced brain computer interfaces,2025,Scopus,passou,passou,passou,passou,passou,passou,passou,"O artigo fala ""The filter bank is used to overcome frequency band variations, and the Riemannian metric is used to reduce noise interference"". Ver se Riemann entra vai contar como filtro temporal também."
Rasheed S.; Mumtaz W.,Classification of Hand-Grasp Movements of Stroke Patients using EEG Data,2021,Scopus,passou,passou,passou,passou,passou,passou,passou,"O artigo "" compare classical signal processing techniques (wavelet transform and power spectral density) with motor imagery specific algorithms (Common Spatial Patterns and Filter Bank Common Spatial Patterns (FBCSP)) and a state-of-the-art deep neural network based EEGNet algorithm"". Logo tem filtro temporal. ver se PSD entra como filtro temporal também."
Yamaguchi T.; Fujio M.; Inoue K.,Design method of morphological structuring function for pattern recognition of EEG signals during motor imagery and cognition,2011,Scopus,depende,passou,passou,depende,depende,depende,depende,"O artigo fala ""we propose a design method of structuring function that determines the filter characteristic of morphology. The morphological method is compared with discrete wavelet transform (DWT) method from the view point of filter characteristics"". Pode ser que tenha filtro, mas tem que verificar se é MI de classificação."
Xu B.; Lu W.; Song A.; Yang R.; Pan L.; Zeng H.; Xu G.,Online classification of single trial motor imagery electroencephalogram signals,2013,Scopus,nao_passou,passou,passou,passou,passou,depende,depende,Ta em chines
Higashi H.; Tanaka T.,Common spatio-time-frequency patterns for motor imagery-based brain machine interfaces,2013,Scopus,depende,passou,passou,depende,depende,depende,depende,"Sobre os filtros o artigo fala ""how to determine spatial weights (spatial patterns), bandpass filters (frequency patterns), and time windows (time patterns) by utilizing electroencephalogram (EEG) recordings"". Agora nãoestá claro se é problema de classificação de MI"
Zou L.; Wang X.; Shi G.; Ma Z.,EEG Feature Extraction and Pattern Classification Based on Motor Imagery in Brain Computer Interface,2012,Scopus,depende,passou,passou,passou,passou,passou,depende,"Parece copia de outro com o mesmo nome ""EEG Feature Extraction and Pattern Classification Based on Motor Imagery in Brain Computer Interface"". Assim como o outro fala do uso de DWT (discrete wavelet transform)."
Li D.; Zhang H.; Khan M.S.; Mi F.,A self-adaptive frequency selection common spatial pattern and least squares twin support vector machine for motor imagery electroencephalography recognition,2018,Scopus,passou,passou,passou,passou,passou,passou,passou,"O artigo fala "" frequency band selection common spatial pattern algorithm and a particle swarm optimization least squares twin support vector machine classifier for recognition of motor imagery patterns"" e além disso fala ""To improve the classification results, we investigated linear, polynomial, sigmoid, wavelet and gaussian kernel functions for the nonlinear least squares twin support vector machine classifier"", logo pode ser que tenha algo sobre kernels em filtros"
Ince N.F.; Tewfik A.H.; Arica S.,A space-time-frequency analysis approach for the classification motor imagery EGG recordings in a Brain Computer Interface Task,2006,Scopus,depende,passou,passou,passou,passou,passou,depende,"O artigo fala ""The algorithm implements an arbitrary time-frequency segmentation procedure by using a flexible local discriminant base algorithm for given multichannel brain activity recordings to extract subject specific ERD and ERS patterns"". Pode ser então que tenha um filtro temporal ai no meio."
Cabrera A.F.; Dremstrup K.,Auditory and spatial navigation imagery in Brain-Computer Interface using optimized wavelets,2008,Scopus,,passou,passou,nao_passou,depende,passou,depende,Não é MI
Liu Y.; Zhang H.; Chen M.; Zhang L.,A boosting-based spatial-spectral model for stroke patients' EEG analysis in rehabilitation training,2016,Scopus,depende,passou,passou,passou,passou,passou,depende,"O artigo fala ""propose an adaptive boosting algorithm to perform autonomous selection of key channels and frequency band. In the proposed method, the spatial-spectral configurations are divided into multiple preconditions, and a new heuristic supervisor of stochastic gradient boost strategy is utilized to train weak classifiers under these preconditions"". Toca no assundo de bandas de frequenca (espaço de trabalho dos filtros temporais), logo é bom verificar se tem filtro temporal novo ai."
Zhu Z.; Liu F.; Mu S.; Tao K.,Adaptive spiking convolutional network for decoding motor imagery patterns,2025,Scopus,depende,passou,passou,passou,depende,passou,depende,"Fala do ""Adaptive Firing Threshold Spiking Convolutional Network (AFTSC-Net)"". Parece que não tem filtro temporal, nem tenho 100% certeza se é problema de classificação, assim é bom verificar pra saber se corta ele."
Delisle-Rodriguez D.; Cardoso V.; Gurve D.; Loterio F.; Alejandra Romero-Laiseca M.; Krishnan S.; Bastos-Filho T.,System based on subject-specific bands to recognize pedaling motor imagery: Towards a BCI for lower-limb rehabilitation,2019,Scopus,passou,passou,passou,passou,passou,passou,passou,"O artigo fala ""After applying a spectrogram based on short-time Fourier transform (SSTFT), both sparseness constraints and total power are used on the time-frequency representation to automatically locate the subject-specific bands that pack the highest power during pedaling motor imagery. The output frequency bands are employed in the recognition system to automatically adjust the cut-off frequency of a low-pass filter (Butterworth, 2nd order)"". Pelo menos tem filtro temporal ""Butterworth"""
Yang L.; Wu J.,Research on Motor Imagery Signal Recognition Method Based on Wavelet Packet Transform and ConvLSTM,2024,Scopus,depende,passou,passou,passou,depende,passou,depende,"O artigo fala "" This article combines the characteristics of CNN and LSTM models, and combines wavelet packet transform to propose a ConvLSTM based imaginative signal recognition model. The model first uses wavelet packet transform to extract features of EEG signals, then uses convolution operation for spatial features extraction of EEG signals, and uses LSTM network for temporal features extraction of EEG signals"", logo parece ter filtro temporal WPT, mas o LSTM é usado para extrair caracteristicas temporais, assim pode ser que seja também. Verificar se é isso mesmo."
Qin L.; He B.,A wavelet-based time-frequency analysis approach for classification of motor imagery for brain-computer interface applications,2005,Scopus,passou,passou,passou,passou,passou,passou,passou,"Artigo fala ""Time-frequency distributions (TFDs) were constructed based on wavelet decomposition and event-related (de)synchronization patterns were extracted from symmetric electrode pairs"". Logo parece ter filtro temporal"
Vidaurre C.; Schlögl A.; Cabeza R.; Scherer R.; Pfurtscheller G.,Study of on-line adaptive discriminant analysis for EEG-based brain computer interfaces,2007,Scopus,depende,passou,passou,passou,passou,depende,nao_passou,"Não fala de filtro temporal, nem tenho certeza sobre ser classificação, mas nas keywords fala que é. Verificar o artigo para ver se corta ou não"
Sun L.; Feng Z.R.,Classification of imagery motor EEG data with wavelet denoising and features selection,2016,Scopus,depende,passou,passou,passou,passou,depende,depende,"O artigo fala "" wavelet denoising algorithm is proposed to reduce noise from motor imagery EEG data and a power spectral density (PSD) feature selection method is used to improve classification accuracy"". Parece usar wavelet como filtro temporal."
Yong X.; Menon C.,EEG classification of different imaginary movements within the same limb,2015,Scopus,depende,passou,passou,passou,passou,depende,depende,Fala sobre classificação de mesmo membro do corpo. Pode ser que tenha filtro temporal. Ler pra ter certeza
Mutasim A.K.; Tipu R.S.; Bashar M.R.; Islam M.K.; Amin M.A.,Computational intelligence for pattern recognition in EEG signals,2018,Scopus,depende,passou,passou,depende,depende,depende,depende,"O capitulo do livro fala ""starting from removing noises (using advanced signal processing techniques such as SWTSD, ICA, EMD, other than traditional filtering by identifying/exploiting different artifact/noise characteristics/patterns)"". Logo pode ser que aparecem filtros temporais ali de forma clara."
Du Y.; Xu R.; Zhang J.,Motor Imagery Analysis Based on Filter Bank Common Spatial Pattern,2021,Scopus,passou,passou,passou,passou,passou,passou,passou,"Usa FBCSP, logo tem filtro temporal, mas toca em outros assuntos, logo ver se tem mais coisa nele."
Leong W.Y.,"EEG signal processing: Feature extraction, selection and classification methods",2019,Scopus,depende,passou,passou,passou,depende,depende,depende,"Livro Completo com o seguinte foco ""This edited book presents state of the art aspects of EEG signal processing methods, with an emphasis on advanced strategies, case studies, clinical practices and applications such as EEG for meditation, auditory selective attention, sleep apnoea; person authentication; handedness detection, Parkinson’s disease, motor imagery, smart air travel support and brain signal classification"". Logo vai ter uma seção com só MI, ali vale a pena dar uma olhada."
Tariq M.; Trivailo P.M.; Simic M.,Classification of left and right foot kinaesthetic motor imagery using common spatial pattern,2020,Scopus,passou,passou,passou,passou,passou,passou,passou,"Artigo com resumo todo torto, mas como fala que usou FBCSP, vai ter filtro temporal."
Chacon-Murguia M.I.; Rivas-Posada E.,A CNN-based modular classification scheme for motor imagery using a novel EEG sampling protocol suitable for IoT healthcare systems,2023,Scopus,depende,passou,passou,passou,passou,passou,depende,"O artigo fala ""based on spatial patterns and time–frequency transforms; and a convolutional neural network that preserves the information of the magnitude in the frequency bands of the sensorimotor rhythms (CNN-PIM)"" logo alguma forma de filtragem temporal ocorre pelo o que parece. Ver para saber se ele se encaixa na pesquisa"
Ponferrada E.G.; Sylaidi A.; Aldo Faisal A.,Data-efficient motor imagery decoding in real-time for the cybathlon brain-computer interface race,2018,Scopus,depende,passou,passou,passou,passou,passou,depende,"Fala ""We employ a static band-pass filter and Common Spatial Patterns learnt using supervised machine learning techniques to enable the discrimination between different motor imageries"". Entretanto é um trabalho pra controle em jogos usando BCI-MI. Provalvemente o passa banda é o filtro temporal e é isso."
Chin Z.Y.; Ang K.K.; Guan C.,Multiclass voluntary facial expression classification based on Filter Bank Common Spatial Pattern,2008,Scopus,passou,passou,passou,passou,passou,passou,passou,"Artigo ta fora do escopo de filtros temporais, mas como tem FBCSP vai filtro temporal"
García-Murillo D.G.; Cárdenas-Peña D.; Castellanos-Dominguez G.,Relevance of filter bank common spatial patterns using multiple kernel learning in motor imagery,2018,Scopus,depende,passou,passou,passou,passou,depende,passou,"Esse artigo parece promissor. Ele fala ""combine the multiple spectral bands into a single representation space through the maximization of the centered kernel alignment criterion. As a result, the similarity between the measured EEG data and the available label sets is maximized, with the additional benefit of enhancing the spectral interpretation of the subject performance"". Logo é um Filter bank diferenciado"
Xu B.; Song A.; Wang A.,EEG feature extraction method based on wavelet packet energy,2010,Scopus,nao_passou,passou,passou,passou,passou,passou,passou,Ta em chines
Jiang Q.; Zhang Y.; Ge G.; Xie Z.,An Adaptive CSP and Clustering Classification for Online Motor Imagery EEG,2020,Scopus,depende,passou,passou,passou,passou,passou,nao_passou,"Fala o seguinte ""we propose an online and fast generalized eigendecomposition method by Recursive Least Squares updates of the CSP filter coefficients (RLS-CSP), which allows incremental training for CSP spatial filters"". Porem não fala de filtro temporal, ler para ter certeza que pode cortar."
Xu B.; Song A.; Fei S.,Pattern recognition method of motor imagery tasks,2011,Scopus,nao_passou,passou,passou,passou,passou,passou,depende,Tá em chines
Thomas K.P.; Lau C.T.; Vinod A.P.; Guan C.; Ang K.K.,A New Discriminative Common Spatial Pattern Method for Motor Imagery Brain—Computer Interfaces,2009,Scopus,passou,passou,passou,passou,passou,passou,passou,"Fala ""a new discriminative filter bank (FB) common spatial pattern algorithm to extract subject-specific FB for MI classification"". Vai ter filtro temporal provavelmente"
Kong W.; Guo X.; Zhao X.; Wei D.; Hu S.; Dai G.; Vecchiato G.; Babiloni F.,Spectral analysis of brain function network for the classification of motor imagery tasks,2011,Scopus,depende,passou,passou,passou,passou,depende,depende,"Então, fala ""It is different from classical methods which classified the MI task with time-frequency analysis on EEG signals. It employs the brain function network(BFN) as a new characteristic to describe MI tasks"". Portanto não é exatamente o mesmo ponto analise. Porem é possivel que não tenha filtro temporal por conta disso. Só ver se tem para poder incluir ou n"
Luo J.; Wang J.; Xu R.; Xu K.,Class discrepancy-guided sub-band filter-based common spatial pattern for motor imagery classification,2019,Scopus,depende,passou,passou,passou,passou,passou,depende,"Fala ""A class discrepancy-guided sub-band filter-based CSP (CDFCSP) algorithm is proposed to automatically recognize and augment the discriminative frequency bands for CSP algorithms. Specifically, a priori knowledge and templates obtained from the training set were applied as the design guidelines of the class discrepancy-guided sub-band filter (CDF). Second, a filter bank CSP was used to extract features from EEG traces filtered by the CDF"". Logo é possivel que tenha uma parte especifica que faz a filtragem temporal e que pode ser usada. No caso o CDF é o que pode ser o filtro temporal, dar uma olhada para ter certeza."
Zhou Y.; He Q.-h.; Jiao X.-b.,A system of motor imaging brain-computer interface based on labVIEW,2011,Scopus,depende,passou,passou,passou,passou,depende,passou,"Artigo com resumo estranho, mas fala ""The band pass filtering is used to improve the signal-to-noise ratio (SNR)"". Parece que da pra considerar o filtro usado."
Xu B.; Zhang L.; Song A.; Wu C.; Li W.; Zhang D.; Xu G.; Li H.; Zeng H.,Wavelet Transform Time-Frequency Image and Convolutional Network-Based Motor Imagery EEG Classification,2019,Scopus,depende,passou,passou,passou,passou,passou,depende,"Pare usar wavelet como mostra em ""a wavelet transform-based input, which combines the time-frequency images of C3, Cz, and C4 channels, is proposed to extract the feature of motor imagery EEG signal. Then, a 2-Layer convolutional neural network is built as the classifier and convolutional kernels of different sizes are validated"""
Xu S.; Zhu L.; Kong W.; Peng Y.; Hu H.; Cao J.,A novel classification method for EEG-based motor imagery with narrow band spatial filters and deep convolutional neural network,2022,Scopus,passou,passou,passou,passou,passou,passou,passou,"Variação de FBCSP, assim como fala ""narrow filter bank CSP (NFBCSP) algorithm, which automatically determines the optimal narrow band for two-class motor imagery by band search tree, and a high-performance classification model dedicated to each subject can be obtained in a short time for online processing or further offline analysis"""
Ai Q.; Zhao M.; Chen K.; Zhao X.; Ma L.; Liu Q.,Flexible coding scheme for robotic arm control driven by motor imagery decoding,2022,Scopus,depende,passou,passou,passou,depende,depende,depende,"Artigo fala ""the artifact components in the MI-EEG signal are removed by using the threshold and threshold function related to the artifact removal evaluation index, and then the data is augmented by the empirical mode decomposition (EMD) algorithm"", porem fala também ""EEG signal recognition results are mapped to the control commands of the robotic arm, which realizes multiple degrees of freedom control of the robotic arm"". Não parece ser um problema de classificação, mas é melhor verificar"
Miao M.; Wang A.; Zeng H.,Designing robust spatial filter for motor imagery electroencephalography signal classification in brain-computer interface systems,2017,Scopus,depende,passou,passou,passou,passou,passou,depende,"Não fala nada sobre filtragem temporal e provavel que nem tenha, mas vale a pena verificar pra ter certeza."
Acharya S.; Mollazadeh M.; Murari K.; Thakor N.,Spatiotemporal source tuning filter bank for multiclass EEG based brain computer interfaces,2006,Scopus,depende,passou,passou,passou,passou,passou,depende,"O artigo fala ""used a novel combination of Principle Component Analysis, Independent Component Analysis and Dipole Source Localization to design a Spatiotemporal Multiple Source Tuning (SPAMSORT) filter bank, each channel of which was tuned to the activity of an underlying dipole source"". Parece que tem filtro temporal, só verificar quem tá fazendo esse papel."
Lu N.; Li T.; Pan J.; Ren X.; Feng Z.; Miao H.,Structure constrained semi-nonnegative matrix factorization for EEG-based motor imagery classification,2015,Scopus,depende,passou,passou,passou,passou,depende,depende,"O artigo fala ""structure constrained semi-nonnegative matrix factorization (SCS-NMF), to extract the key patterns of EEG data in time domain by imposing the mean envelopes of event-related potentials (ERPs) as constraints on the semi-NMF procedure. The proposed method is applicable to general EEG time series, and the extracted temporal features by SCS-NMF can also be combined with other features in frequency domain to improve the performance of motor imagery classification"" e complementa falando que compara ""ICA, PCA, Semi-NMF, Wavelets, EMD and CSP"". Verificar mais a fundo pra saber se SCS-NMF é realmente filtro temporal ou só uma das partes dele"
Tavakolan M.; Yong X.; Zhang X.; Menon C.,Classification scheme for arm motor imagery,2016,Scopus,depende,passou,passou,passou,depende,depende,depende,"o artigo fala ""The features extracted from EEG signals are autoregressive model coefficients, root-meansquare amplitude, and waveform length"". Pode ser que realmente seja problema de classificação, mas é melhor verificar, depois disso ver se tem realmente algum filtro temporal."
Miao M.; Wang A.; Zhao C.; Liu F.,EEG pattern recognition based on dual-tree complex wavelet transform and particle swarm optimization,2016,Scopus,depende,passou,passou,passou,passou,passou,depende,"Parece ser um artigo que usa uma variação do wavelet como mostra "" dual-tree complex wavelet transform (DTCWT) and particle swarm optimization (PSO) was proposed"". Verificar melhor como isso funciona e se realmente é filtro temporal."
Kumar R.; Sahu M.; Mohdiwale S.,Two Class Motor Imagery Classification Based on ANFIS,2020,Scopus,depende,passou,passou,passou,passou,depende,depende,"Tem que ver se tem uso como filtro temporal, mas o artigo fala ""This paper present better pre-processing and classification for motor imagery based EEG signals. Discrete wavelet transform (DWT) features are computed from decomposed coefficients. Equal width discretization (EWD) and Shannon entropy were used to discretize and for selection of features respectively. After that selected features are applied as input into ANFIS for classification""."
Huang T.; Luo Z.; Lyu Y.,A2FWPO: Anti-aliasing Filter Based on Whale Parameter Optimization Method for Feature Extraction and Recognition of Dance Motor Imagery EEG,2023,Scopus,depende,passou,passou,depende,depende,passou,depende,"Artigo estranho fala sobre dance motor imagery. O artigo fala que ""feature extraction and recognition of dance motor imagery EEG, which makes full use of the advantage of anti-aliasing filter based on whale parameter optimization method. The anti-aliasing filter is used for preprocessing, and the filtered signal is extracted by two-dimensional empirical wavelet transform"". Pode ser que ele entre no conjunto dentro do grupo ""paradigma de MI, problema de classificação"", mas não tenho certeza não. Se entrar é bom ver mais sobre o filtro falado se ele se encaixa mesmo como filtro temporal"
Yamaguchi T.; Fujio M.; Inoue K.; Pfurtscheller G.,Wavelet analysis of EEG signals during motor imagery,2008,Scopus,depende,passou,passou,depende,nao_passou,depende,depende,"Artigo fala sobre analise do sinal e não sua aplicação no caso do problema de um paradigma. Mas afala do uso de wavelet pra essa analise, provavelmente usando ela como um filtro temporal, mas teria que ver."
Albahri A.S.; Hamid R.A.; Alqaysi M.E.; Al-Qaysi Z.T.; Albahri O.S.; Alamoodi A.H.; Homod R.Z.; Deveci M.; Sharaf I.M.,Trust and explainability in robotic hand control via adversarial multiple machine learning models with EEG sensor data fusion: A fuzzy decision-making solution,2025,Scopus,depende,passou,passou,passou,depende,passou,depende,"É uma pesquisa secundaria a parte do problema de classificação, mas obtemos o resutado no final da acuracia (vindo da mesma fonte das competições como bciciv). O artigo fala ""In the first phase, raw MI-EEG datasets from the Graz University BCI competition are identified and preprocessed. The preprocessing encompasses six key stages: EEG-MI signal filtering, segmentation, time‒frequency domain feature extraction, merging and labeling, normalization (resulting in Dataset I), and feature fusion (resulting in Dataset II)"""
