Autores,Titulo,Ano de Publicacao,Fonte,Status,EEG,BCI,MI,Classification,Model/pipeline,Temporal_filter,Anotation,Baixou
A. D. Athapattu; P. S. B. Dassanayake; G. S. C. Nanayakkara; S. N. Liyanage; G. A. I. Devindi; R. Ragel; T. Dissanayake; I. Nawinne,Self-Paced Brain-Computer Interface on Sensorimotor Rhythms for Controlling Virtual Objects,2024,IEEE,depende,depende,passou,depende,passou,passou,depende,"Artigo meio fora de escopo já que fala ""s. In this research, we explore the possibility of using the techniques used in the motor-imagery method for non-motor imagery mental tasks. The intention here is to use them in virtual object-controlling applications. The research was done with five different classification models using features from the Fast Fourier Transform (FFT) and Wavelet Transform (WT). The K-nearest neighbor model with features obtained with FFT continuously sustained its performance with a high 55% true positive rate."", mas é bom ler para ter certeza.",passou
Z. Wang; C. Cao; Y. Zhou; L. Chen; B. Gu; S. Liu; M. Xu; F. He; D. Ming,Integrating EEG and NIRS improves BCI performance during motor imagery,2021,IEEE,depende,depende,passou,depende,passou,passou,depende,"Esse artigo é um pouco diferente. Fala de integrar EEG com fNIRS, sem contar o fato do dataset utilizado ser bem especifico. Sem contar que o objetivo é a construção de um classificador. Não fala nada de filtro temporal se foi usado, quando e porque. Ler ele buscando o modelo e se tiver filtro temporal da pra colocar na SLR se não tá fora. Artigo fala ""This study aims to improve the BCI performance by integrating electroencephalographic and cerebral hemodynamic patterns. Sixteen volunteers participated in a seven-session motor imagery (MI) based visual-haptic neurofeedback training (NFT) experiment. Electroencephalogram (EEG) and near infrared spectroscopy (NIRS) signals were synchronously recorded during the transient NFT. Time-frequency and topology analysis demonstrated that repetitive and continuous visual-haptic NFT conditions could induce an enhancement on cortical activations. Additionally, a classifier calibration strategy was proposed by integrating both the EEG and NIRS information into a strong classifier.""",passou
R. Govindarajan; M. Haritha; M. O. Sabri; B. Priyanka; T. Mrudula; R. V,Optimal Deep Learning Model and Non-linear Features Extraction with Classification for Innovative Brain–Computer Interaction Using EEG Signals,2025,IEEE,depende,depende,passou,depende,passou,passou,passou,"O artigo fala ""The Optimal Deep Learning Model and Nonlinear Features Extraction with Classification for Innovative Brain–Computer Interaction Using EEG Signals (ODECBC) model enhances BCI systems by using advanced signal processing and hybrid classification methods, improving accuracy and reliability in detecting mental states like Idle, Mental Arithmetic, and Motor Imagery. It utilizes data from 18 healthy individuals, capturing high-resolution EEG signals at 2048 Hz and fNIRS signals at 13.3 Hz to ensure consistent data collection. To enhance signal quality through wavelet denoising and a Butterworth filter to reduce noise and interference, down-sampling signals are down-sampled to 200 Hz for easier processing. Nonlinear feature extraction techniques help reveal brain signal patterns, aiding in understanding cognitive functions."". Tem filtro temporal explicito, mas parece ser dependente do fNIRS e avalia não só MI",passou
R. Jiang; S. Qiu; Y. Wang; C. Zhang; H. He,Evaluation of EEG and MEG responses during Fine Motor Imagery from the same limb,2024,IEEE,depende,depende,passou,passou,depende,depende,depende,"Artigo fala sobre uma exploração cerebral usando EEG e MEG para ver se existem areas do cerebro que podem auxiliar na hora de classificar movimento de mesmo membro. Logo, fora de escopo. O artigo fala ""This study designed four kinds of MI tasks of different joints from the same upper limb, including finger, wrist, elbow, and shoulder joints, and additionally added a resting task. The EEG and MEG signals of eight subjects were acquired synchronously. Analysis was conducted on the EEG and MEG data to find the time, time-frequency, and spatial difference between MI tasks of different joints from the same limb. The induced event-related desynchronization (ERD) in EEG signals at the electrode position of the left motor area are more broad and stronger in the alpha frequency band than that in MEG signals during fine MI tasks. From the topographical distribution, different MI tasks affects the area and intensity of the activated area, and topographical distribution of MEG signals in different MI tasks are more discriminative than that of EEG signals. Moreover, the analysis of movement-related cortical potentials (MRCP) showed that significant negative potentials were detected near the onset of the motor imagery events and there is a significant difference in temporal dimension between magnetoencephalogram and electroencephalogram signals. The work implies that there exist the separable differences between EEG and MEG during fine MI tasks, which can be utilized to build a multimodal classification method for fine MI-BCI systems.""",passou
Z. Wang; L. Yang; Y. Zhou; L. Chen; B. Gu; S. Liu; M. Xu; F. He; D. Ming,Incorporating EEG and fNIRS Patterns to Evaluate Cortical Excitability and MI-BCI Performance During Motor Training,2023,IEEE,depende,depende,passou,passou,passou,depende,depende,"Artigo parece estar fora de escopo, usa fNIRS junto, e compara um classificador especifico para o combo com EEG e só EEG separada. Acho que não conta, mas é bom verificar.",passou
M. J. Khan; K. -S. Hong; N. Naseer; M. R. Bhutta,A hybrid EEG-fNIRS BCI: Motor imagery for EEG and mental arithmetic for fNIRS,2014,IEEE,depende,depende,passou,passou,passou,depende,passou,"Artigo é meio diferente no proposito, mas acaba parte dele encaixa no escopo. O artigo fala "" The EEG data were band-pass filtered to obtain the activity (8~18 Hz).""",passou
S. Zhu; S. I. Hosni; X. Huang; S. B. Borgheai; J. McLinden; Y. Shahriari; S. Ostadabbas,A Graph-Based Feature Extraction Algorithm Towards a Robust Data Fusion Framework for Brain-Computer Interfaces,2021,IEEE,depende,depende,passou,passou,passou,passou,depende,"Parece que usa filtro temporal na forma de bandpass. Além disso, parece estar fora do escopo já que o foco é o metodo hibrido (EEG-fNIRS), sem contar que tem que entender melhor como foi feita essa analise. Ler e verificar se é isso mesmo. Artigo fala ""We first extract the amplitude and phase sequences of users’ multi-channel EEG signals based on the complex Morlet wavelet time-frequency maps, and then convert them into an undirected graph to extract EEG topological features. The graph-based features from EEG are then selected by a thresholding method and fused with the temporal features from fNIRS signals after each being selected by the least absolute shrinkage and selection operator (LASSO) algorithm. The fused features were then classified as MI task vs. baseline by a linear support vector machine (SVM) classifier. Results: The time-frequency graphs of EEG signals improved the MI classification accuracy by ∼5% compared to the graphs built on the band-pass filtered temporal EEG signals.""",passou
Qin L.; Ding L.; He B.,Motor imagery classification by means of source analysis for brain-computer interface applications,2004,Scopus,depende,passou,passou,depende,depende,depende,depende,Artigo faz um estudo sobre classificação de MI usando o resultado do problema inverso para dizer se foi ou não realisado o movimento. Foi usado o ICA como filtro espaço temporal. Muito tem que ser verificado para enteder melhor o que foi feito e se cabe dentro da SLR,passou
Chandrakant N.,Administrating MANETs via brain computer interface,2014,Scopus,depende,passou,passou,depende,depende,depende,depende,"O artigo fala ""The algorithms of Digital signal processing and pattern recognition certainly constitute necessary components of a BCI system which are applied to the EEG signals to decode mental states those are relevant for BCI operation"" mas complementa apenas depois com ""The processed data has been applied on to nodes of MANET where each set of sensor nodes are used for particular application"". Acretido que esse artigo pode ser cortado fora, mas vale a pena ver para ter certeza.",nao_passou
Tsui C.S.L.; Gan J.Q.; Roberts S.J.,A self-paced brain - Computer interface for controlling a robot simulator: An online event labelling paradigm and an extended Kalman filter based algorithm for online training,2009,Scopus,depende,passou,passou,depende,depende,depende,depende,"não fala nada com muita clareza, verificar se pode cortar.",passou
Yamaguchi T.; Fujio M.; Inoue K.,Design method of morphological structuring function for pattern recognition of EEG signals during motor imagery and cognition,2011,Scopus,depende,passou,passou,depende,depende,depende,depende,"O artigo fala ""we propose a design method of structuring function that determines the filter characteristic of morphology. The morphological method is compared with discrete wavelet transform (DWT) method from the view point of filter characteristics"". Pode ser que tenha filtro, mas tem que verificar se é MI de classificação.",passou
Higashi H.; Tanaka T.,Common spatio-time-frequency patterns for motor imagery-based brain machine interfaces,2013,Scopus,depende,passou,passou,depende,depende,depende,depende,"Sobre os filtros o artigo fala ""how to determine spatial weights (spatial patterns), bandpass filters (frequency patterns), and time windows (time patterns) by utilizing electroencephalogram (EEG) recordings"". Agora nãoestá claro se é problema de classificação de MI",passou
Mutasim A.K.; Tipu R.S.; Bashar M.R.; Islam M.K.; Amin M.A.,Computational intelligence for pattern recognition in EEG signals,2018,Scopus,depende,passou,passou,depende,depende,depende,depende,"O capitulo do livro fala ""starting from removing noises (using advanced signal processing techniques such as SWTSD, ICA, EMD, other than traditional filtering by identifying/exploiting different artifact/noise characteristics/patterns)"". Logo pode ser que aparecem filtros temporais ali de forma clara.",nao_passou
P. Rajpura; H. Cecotti; Y. K. Meena,Quantifying Spatial Domain Explanations in BCI using Earth Mover’s Distance,2024,IEEE,depende,passou,passou,depende,depende,depende,depende,"Fora do escopo, é uma review de filtro espacial.",passou
M. K. Islam; A. Rastegarnia,Probability Mapping Based Artifact Detection and Wavelet Denoising based Artifact Removal from Scalp EEG for BCI Applications,2019,IEEE,depende,passou,passou,depende,depende,depende,depende,"Artigo não deixa claro se usa para EEG BCI MI de classificação. Parece um estudo de caso de identificação de artefatos de sinal. Ler para verificar, mas provavelmente esse ta fora. O artigo fala "" In this paper, we present a novel method that can map the artifact probability of an EEG epoch based on four statistical measures: entropy, kurtosis, skewness and Periodic Waveform Index PWI). Then a removal method is adopted based on stationary wavelet transform that can be applied to the epochs by setting a particular probability threshold from the user. This epoch by epoch preprocessing would allow the user to tune the threshold parameters after some initial training with the same EEG recordings and eventually can be applied to both offline and online processing.""",passou
Huang T.; Luo Z.; Lyu Y.,A2FWPO: Anti-aliasing Filter Based on Whale Parameter Optimization Method for Feature Extraction and Recognition of Dance Motor Imagery EEG,2023,Scopus,depende,passou,passou,depende,depende,passou,depende,"Artigo estranho fala sobre dance motor imagery. O artigo fala que ""feature extraction and recognition of dance motor imagery EEG, which makes full use of the advantage of anti-aliasing filter based on whale parameter optimization method. The anti-aliasing filter is used for preprocessing, and the filtered signal is extracted by two-dimensional empirical wavelet transform"". Pode ser que ele entre no conjunto dentro do grupo ""paradigma de MI, problema de classificação"", mas não tenho certeza não. Se entrar é bom ver mais sobre o filtro falado se ele se encaixa mesmo como filtro temporal",passou
L. Zhao; X. Wang,A multi-modal BCI system based on motor imagery,2015,IEEE,depende,passou,passou,depende,depende,passou,depende,"Artigo fala ""this paper used wavelet packet decomposition (WPD) and short-time Fourier transform (STFT) to feature extraction, which provided the basis for real-time online BCI system. With combination of advantages of two electroencephalograms (EEG) as Alpha wave and motor imagery and design of control strategy, multimodal brain-computer interface was built on LabVIEW to implement functions of mouse click and web browser."". Ler e verificar.",passou
I. T. Hettiarachchi; T. T. Nguyen; S. Nahavandi,Multivariate Adaptive Autoregressive Modeling and Kalman Filtering for Motor Imagery BCI,2015,IEEE,depende,passou,passou,depende,depende,passou,depende,o artigo não deixa claro se é para classificação em MI. Nem é claro se tem filtro temporal,passou
Ž. Rohutná; R. Vargic,An Approach to EEG based BCI for Motor Imagery using Explainable Transfer Learning,2023,IEEE,depende,passou,passou,depende,depende,passou,depende,"Não deixou claro o paradigma nem se tem filtro temporal. Fala apenas ""We focus on image-based feature representation. The time-frequency based representation and its selected variants along with bi-spectrum were used.""",passou
M. Iftikhar; S. A. Khan; A. Hassan,A Survey of Deep Learning and Traditional Approaches for EEG Signal Processing and Classification,2018,IEEE,depende,passou,passou,depende,depende,passou,depende,"Não tá claro se esse survey é de MI, se tem foco em classificação e se tem filtro temporal. Fala de feature extraction, logo é bom ler só pra ter certeza que algum metodo de filtro temporal não é considerado ali no meio. O artigo fala ""In this paper first, we survey comparative evaluation of various recent techniques for feature selection and classification applied for BCI at each stage. Second, the use of deep learning techniques for brain signal classification is explored.""",passou
"Song Y, Sepulveda F.",A novel onset detection technique for brain-computer interfaces using sound-production related cognitive tasks in simulated-online system,2017,PubMed,passou,passou,passou,depende,depende,passou,depende,Não aparenta com claresa ser um caso de EEG-BCI-MI de classificação. Porem fala de metodos de filtragem sendo usados como extração de caracteristisas (Band power e DWT - Wavelet).,passou
Chen Z.; Liang Q.; Zhang B.,Analysis of EEG signal evoked by passive movement and motor imagery,2018,Scopus,depende,passou,passou,depende,depende,passou,passou,"Não é MI puro, mas deve ter para fazer a comparação. Fala do uso do FBCSP. Verificar para ter certeza de mais filtros temporais.",nao_passou
S. Zolfaghari; T. Y. Rezaii; S. Meshgini; A. Farzamnia; L. C. Fan,Speed Classification of Upper Limb Movements Through EEG Signal for BCI Application,2021,IEEE,depende,passou,passou,depende,depende,passou,passou,"Tem FBCSP, logo tem filtro temporal, mas acredito estar fora de escopo, pois o objetivo deste trabalho é classificação da velocidade do movimento REALIZADO e não IMAGINADO. Discutir com gabriel para ver se entra mas acredito que este esteja fora. Artigo fala ""This paper investigated the classification of the slow and fast speeds of eight different upper limb movements through electroencephalogram (EEG) signals and information about the values of speed and maximum angle of movements from the MPU6050 module. Datasets were obtained by recording the EEG signals from 10 subjects and the module information connected on their right hand during movements. This study used Filter Bank Common Spatial Pattern (FBCSP) and Wavelet-Common Spatial Pattern (W-CSP) methods to extract speed features of movements.""",passou
"Tong J, Wei X, Dong E, Sun Z, Du S, Duan F.",Hybrid mental tasks based human computer interface via integration of pronunciation and motor imagery,2022,PubMed,passou,passou,passou,depende,depende,passou,passou,"Artigo usa ""pronunciation imagination (PI)"" além de MI, usa uma versão do FBCSP e aparenta ser um problema de classificação. Melhor ler para verificar.",passou
Zhang H.; Dai J.; Zhang S.; Wang Q.; Li Q.; Liu X.; Hao Y.; Yu Y.; Jiang K.; Liu J.; Zhu F.; Chen W.; Zheng X.,Neural ensemble decoding of rat's motor cortex by Kalman filter and optimal linear estimation,2009,Scopus,depende,passou,passou,depende,nao_passou,depende,depende,"Não é caso de classificação e não está claro se ""Kalman filter (KF) and Optimal Linear Estimation (OLE)"" contam como filtro temporal.",passou
Daly I.; Billinger M.; Scherer R.; Müller-Putz G.,On the automated removal of artifacts related to head movement from the EEG,2013,Scopus,depende,passou,passou,depende,nao_passou,depende,depende,"Não parece ser do escopo de classificação, nem parece ter foco nos modelos para ter um filtro temporal dentro.",passou
Yamaguchi T.; Fujio M.; Inoue K.; Pfurtscheller G.,Wavelet analysis of EEG signals during motor imagery,2008,Scopus,depende,passou,passou,depende,nao_passou,depende,depende,"Artigo fala sobre analise do sinal e não sua aplicação no caso do problema de um paradigma. Mas afala do uso de wavelet pra essa analise, provavelmente usando ela como um filtro temporal, mas teria que ver.",passou
Nguyen N.A.T.; Tao Q.-B.; Yang H.-J.; Huynh H.T.; Vinh N.T.Q.; Ninh D.K.,iTa-DFiE: An Innovative Tensor Algebra-Based Detection Framework for Incomplete Noninvasive Electroencephalography,2024,Scopus,depende,passou,passou,depende,passou,depende,depende,Fala de um metodo para ajudar em caso de EEG sem dados completos. Ai o Innovative Tensor Algebra-based Detection Framework for Incomplete Noninvasive Electroencephalography (iTa-DFiE) resolve o problema. Ver mais a fundo se ele se encaixa,passou
J. Cantillo-Negrete; J. Gutiérrez-Martínez; R. I. Cariño-Escobar; T. B. Flores-Rodríguez; D. Elías-Viñas,Time-frequency analysis of EEG signals from healthy subjects allocated by gender for a subject-independent BCI-based on motor imagery,2013,IEEE,depende,passou,passou,depende,passou,depende,depende,"Artigo fala ""Three different methods were employed to compute power spectrum features from the volunteer's electroencephalographic recordings. The results show that it is possible to design an independent-subject BCI for the classification of right or left hand motor imagery with respect of a reference interval with classification accuracies above 70%. The female gender could benefit more from a subject-independent classifier, than the male gender"", logo provavelmente tem filtro temporal, mas é bom verificar.",passou
S. Prasad; Zheng-Hua Tan; R. Prasad; A. F. Cabrera; Y. Gu; K. Dremstrup,Feature selection strategy for classification of single-trial EEG elicited by motor imagery,2011,IEEE,depende,passou,passou,depende,passou,depende,depende,"Artigo não deixa muito claro se é MI nem se tem filtro temporal. O artigo fala ""n this paper, we present a feature selection strategy consisting of channel selection by fisher ratio analysis in the frequency domain and time segment selection by visual inspection in time domain. The proposed strategy achieves an absolute improvement of 7.5% in the misclassification rate as compared with the baseline system that uses wavelet coefficients as features and support vector machine (SVM) as classifier.""",passou
Song Y.; Sepulveda F.,Comparison between covert sound-production task (sound-imagery) vs. motor-imagery for onset detection in real-life online self-paced BCIs,2020,Scopus,depende,passou,passou,depende,passou,nao_passou,nao_passou,"Não fala de metodo, fala de uma nova forma de fazer experimentos. Não apresentou nenhum modelo também",passou
Zhou Q.; Ye X.; Li S.; Du Q.; Ke L.,CD3Net: A Contrastive Diffusion Model with Domain Adaptive Data Synthetic Network for Motor Imagery and Emotion classification,2025,Scopus,depende,passou,passou,depende,passou,passou,depende,"O artigo fala ""To adaptively reduce noise, this paper proposes the Contrastive Diffusion Model with Domain Adaptive Data Synthetic Network(CD3Net), a contrastive diffusion model for synthesizing domain adaptation EEG data. Firstly, we separated the clean module and the noise module in the reverse process of diffusion to achieve denoising, then obtained the synthesized data"". Isso me parece ter o uso de uma estrategia para filtragem temporal (denoise). Não fica claro se é para o paradigma MI, mas parece ser por conta das keywords.",passou
Lu N.; Li T.; Ren X.; Miao H.,A Deep Learning Scheme for Motor Imagery Classification based on Restricted Boltzmann Machines,2017,Scopus,depende,passou,passou,depende,passou,passou,depende,"O artigo fala "" Specifically, frequency domain representations of EEG signals obtained via fast Fourier transform (FFT) and wavelet package decomposition (WPD) are obtained to train three RBMs"". Pode ser que o FFT ou WPD são usados como filtro temporal.",passou
G. S. Dharwarkar; O. Basir,Enhancing Temporal Classification of AAR Parameters in EEG single-trial analysis for Brain-Computer Interfacing,2005,IEEE,depende,passou,passou,depende,passou,passou,depende,Artigo não deixa claro se é de MI nem nada sobre filtro temporal,passou
N. Yamawaki; C. Wilke; Zhongming Liu; Bin He,An enhanced time-frequency-spatial approach for motor imagery classification,2006,IEEE,depende,passou,passou,depende,passou,passou,depende,"O artigo fala ""We have previously proposed two novel methods on time-frequency feature extraction, expression and classification for high-density EEG recordings (Wang and He 2004; Wang, Deng, and He, 2004). In the present study, we refined the above time-frequency-spatial approach and applied it to a one-dimensional ""cursor control"" BCI experiment with online feedback. Through offline analysis of the collected data, we evaluated the capability of the present refined method in comparison with the original time-frequency-spatial methods."". Vale a pena verificar se tem filtro temporal e se é de MI, pois parece que é, mas não ficou claro",passou
J. Yin; X. Chen; A. Liu,Efficient Ocular Artifacts Removal From EEG Recordings Using State-Space Model,2025,IEEE,depende,passou,passou,depende,passou,passou,depende,"Artigo fala sobre um metodo para remover movimentação ocular do sinal para ajudar na classificação de MI e Emotion. Não fica claro o uso de filtro temporal. Vale a pena verificar só se foi usado algum, pois provavelmente o metodo proposto está fora do escopo. O artigo fala ""To improve efficiency while maintaining effective long-sequence modeling, we introduce an efficient ocular artifacts removal network (EORNet) that leverages the state-space model (SSM) to achieve linear complexity in modeling temporal relationships. EORNet extracts a wide range of EEG features by leveraging the inherent interdependencies within each segment through supervised training, significantly reducing model complexity without compromising representational capabilities. Experimental results demonstrate that EORNet outperforms previous attention-based algorithms, increasing the signal-to-noise ratio by 1.486, reducing floating-point operations (FLOPs) by 36×, and lowering parameter count by 12×. Furthermore, EORNet exhibits a 2.57% improvement in motor imagery classification accuracy and a 2.03% enhancement in emotion recognition accuracy compared with raw data, demonstrating its effectiveness in brain–computer interface tasks. This study emphasizes the capability of SSMs in effectively processing time-series biosignals.""",passou
Q. Zhou; X. Ye; S. Li; Y. Zhao; Q. Du; L. Ke,MOKD-EEG:Multi-Task Learning-Based Online Knowledge Distillation for Cross-Task EEG Classification,2025,IEEE,depende,passou,passou,depende,passou,passou,depende,"Parece usar STFT como filtro temporal, mas é bom verificar. O artigo fala "" this paper propose a Multi-Task Learning-Based Online Knowledge Distillation (MOKD-EEG) framework for Cross-Task to enhance the adaptability of EEG classification models. Initially, EEG data is first preprocessed using Short-Time Fourier Transform (STFT) to ensure compatibility with feature extraction networks. In addition, the framework introduces Online Knowledge Distillation Training (OKD-T) to optimize task-specific and shared representations, which incorporates Single-Task and Multi-Task networks. To further mitigate task conflicts, Adaptive Representation Distillation (ARD) is employed to dynamically align intermediate features across tasks. Finally, Dynamic Weight Adjustment (DWA) is introduced to prioritize tasks based on their learning states, ensuring balanced optimization during training.""",passou
T. Sumardi; A. Afriyanti; M. A. Suhendra; S. Ajidarmo; M. I. Basri; M. F. Amri,Classifying EEG-Based Motor Imagery for Drone Control Using Artificial Neural Network,2024,IEEE,depende,passou,passou,depende,passou,passou,depende,"Parece usar wavelet como filtro temporal. O artigo também fala sobre controle de drone usando o paradigma de MI de classificação, mas tá um pouco estranho. Verificar para ver se ele entra no conjunto ou não. O artigo fala ""This study investigates the classification of EEG-based motor imagery (MI) signals for drone control using artificial neural networks (ANN). EEG data from six participants was collected using the Emotiv Epoc X device, focusing on MI related to drone movements. Feature extraction was performed using the discrete wavelet transform (DWT), followed by classification with a two-layer ANN with statistical parameters as input. The results indicate the significance of the ANN regression model in classifying motor imagery, although variations in model performance were observed across subjects. While overfitting was noted in one subject, indicating the need for validation sets, the models for other subjects showed good generalization. The ANN model achieved high accuracy in classifying movements “take-off” (98%) and “forward” (99%), but struggled with the “turn-left” (82%), suggesting the need for further model adjustments or additional data to improve generalization.""",passou
F. Parivash; L. Amuzadeh; A. Fallahi,Design expanded BCI with improved efficiency for VR-embedded neurorehabilitation systems,2017,IEEE,depende,passou,passou,depende,passou,passou,depende,"Talvez entre como MI, mas é bom verificar. E talvez use wavelet como filtro temporal. Artigo fala ""In the proposed BCI, discrete wavelet transformation (DWT) and multilayer perceptron (MLP) neural network are applied for preprocessing and classification, respectively; and an expounder is added to eliminate misclassifications which lead to wrong virtual neuro-stimulations. Offline EEG signals are applied to examine the proposed BCI and results are demonstrated.""",passou
B. A. H. Ali; E. A. Mohamed; A. B. Idriss,A Security System for Door Opened by Using Brain Signal,2021,IEEE,depende,passou,passou,depende,passou,passou,depende,"Usa EMD, provavelmente como filtro temporal. Não deixa claro se é o paradigma de MI e se for não fala as classes utilizadas. Artigo fala ""In this research, a security system for door opened by using brain signal framework developed based on time-frequency techniques is proposed. The time-frequency method for feature extraction namely empirical mode decomposition (EMD) was combined separately with different classification methods such as K nearest neighbours (KNN), liner discriminate analysis (LDA) and Support vector machine (SVM). To validate this framework, experimentally recorded data from nine subjects were collected."". Verificar, caso contrario só cortar",passou
S. Mohdiwale; M. Sahu; G. R. Sinha; V. Bhateja,Statistical Wavelets With Harmony Search- Based Optimal Feature Selection of EEG Signals for Motor Imagery Classification,2021,IEEE,depende,passou,passou,depende,passou,passou,depende,"Artigo fala ""In this article, Beta and Gamma frequency are considered with Statistical DWT (SDWT) based features for classification of EEG signals (MI classification) for patient monitoring, assistance healthcare services and daily living activities. Harmony search algorithm of feature selection is used to obtain the optimal feature set for classification of MI. The results show that frequency centric SDWT achieves average accuracy of 92.49% for weighted KNN (K-Nearest Neighbour) method."". Deixa meio perdido se é mesmo MI com a frase ""for classification of EEG signals (MI classification) for patient monitoring, assistance healthcare services and daily living activities."". Parece falar do uso de wavelet como filtro temporal, mas é bom verificar.",passou
Zhuan Z.; Bian Y.; He X.; Yuan P.; Geng L.; Li J.; Sun M.,Research on Hybrid Online Brain-Computer Interface System Based on MI-mVEP,2023,Scopus,depende,passou,passou,depende,passou,passou,passou,"O artigo fala ""acquiring MI and mVEP potentials and electroencephalogram (EEG) signal preprocessing, the filter bank common spatial pattern (FBCSP) algorithm was used to extract MI and mVEP features"", logo é possivel perceber que tem filtro temporal por conta do FBCSP.",passou
R. Sivasakthivel; M. Rajagopal; G. Ramar; R. Stephen; V. Sindhu; E. V. Fernandiz,Analysing Enhanced EEG Based Brain Computer Interface for Motor Imagery Tasks Using Statistical Analysis,2025,IEEE,depende,passou,passou,depende,passou,passou,passou,"Parece outro paradigma. Confirmar com o gabriel, mas parece que isso não entra no escopo, caso contrario tem filtro temporal na forma de um filtro notch e talvez de um wavelet. O artigo fala ""This paper aims to investigate the application of BCIs in analyzing EEG signals and designing them to give meaningful signals to the users. Five healthy, right-handed university students (18–21 years) were selected for the study and were asked to spell the words mentally without vocalizing for four cognitive tasks; forward, stop, left, and right. At 100 Hz, EEG signals were sampled and pre-processed with a notch filter and feature extraction was done using DWT to extract important features and KNN was used for classification.""",passou
A. D. Bigirimana; N. Siddique; D. Coyle,Emotion-Inducing Imagery Versus Motor Imagery for a Brain-Computer Interface,2020,IEEE,depende,passou,passou,depende,passou,passou,passou,"Esta meio fora de escopo. Usa FBCSP para comparar no paradigma EII e MI. Vai aplicar pq tem o caso de EEG BCI MI de classificação com filtro temporal (FBCSP), porem acho desnecessario esse artigo. Ele fala ""In this paper, a novel BCI control strategy i.e., imagining fictional or recalling mnemonic sad and happy events, emotion-inducing imagery (EII), is compared to motor imagery (MI) in a study involving multiple sessions using a two-class electroencephalogram (EEG)-based BCI paradigm with 12 participants. The BCI setup enabled online continuous visual feedback presentation in a game involving one-dimensional control of a game character. MI and EII are compared across different signal-processing frameworks which are based on neural-time-series-prediction-preprocessing (NTSPP), filter bank common spatial patterns (FBCSP) and hemispheric asymmetry (ASYM).""",passou
R. Chaisaen; P. Autthasan; N. Mingchinda; P. Leelaarporn; N. Kunaseth; S. Tammajarung; P. Manoonpong; S. C. Mukhopadhyay; T. Wilaiprasitporn,"Decoding EEG Rhythms During Action Observation, Motor Imagery, and Execution for Standing and Sitting",2020,IEEE,depende,passou,passou,depende,passou,passou,passou,"Usa FBCSP, logo tem filtro temporal. Não tem só MI ali, logo ver se um não interfere no outro pra considerar o artigo pra SLR. Artigo fala ""we aim to investigate the decoding of continuous EEG rhythms during action observation (AO), motor imagery (MI), and motor execution (ME) for the actions of standing and sitting. We developed a behavioral task in which participants were instructed to perform both AO and MI/ME in regard to the transitioning actions of sit-to-stand and stand-to-sit. Our results demonstrated that the ERD was prominent during AO, whereas ERS was typical during MI at the alpha band across the sensorimotor area. A combination of the filter bank common spatial pattern (FBCSP) and support vector machine (SVM) for classification was used for both offline and classifier testing analyses.""",passou
Mishra S.; Mahmudi O.; Jalali A.,Motor Imagery Signal Classification Using Adversarial Learning: A Systematic Literature Review,2024,Scopus,depende,passou,passou,passou,depende,depende,depende,"É uma revisão sistematica, olhar para ver quais os filtros que podem aparecer lá",passou
Leong W.Y.,"EEG signal processing: Feature extraction, selection and classification methods",2019,Scopus,depende,passou,passou,passou,depende,depende,depende,"Livro Completo com o seguinte foco ""This edited book presents state of the art aspects of EEG signal processing methods, with an emphasis on advanced strategies, case studies, clinical practices and applications such as EEG for meditation, auditory selective attention, sleep apnoea; person authentication; handedness detection, Parkinson’s disease, motor imagery, smart air travel support and brain signal classification"". Logo vai ter uma seção com só MI, ali vale a pena dar uma olhada.",nao_passou
Ai Q.; Zhao M.; Chen K.; Zhao X.; Ma L.; Liu Q.,Flexible coding scheme for robotic arm control driven by motor imagery decoding,2022,Scopus,depende,passou,passou,passou,depende,depende,depende,"Artigo fala ""the artifact components in the MI-EEG signal are removed by using the threshold and threshold function related to the artifact removal evaluation index, and then the data is augmented by the empirical mode decomposition (EMD) algorithm"", porem fala também ""EEG signal recognition results are mapped to the control commands of the robotic arm, which realizes multiple degrees of freedom control of the robotic arm"". Não parece ser um problema de classificação, mas é melhor verificar",passou
Tavakolan M.; Yong X.; Zhang X.; Menon C.,Classification scheme for arm motor imagery,2016,Scopus,depende,passou,passou,passou,depende,depende,depende,"o artigo fala ""The features extracted from EEG signals are autoregressive model coefficients, root-meansquare amplitude, and waveform length"". Pode ser que realmente seja problema de classificação, mas é melhor verificar, depois disso ver se tem realmente algum filtro temporal.",passou
S. Liang; K. -S. Choi; J. Qin; W. -M. Pang; P. -A. Heng,Classification of motor imagery tasks using phase synchronization analysis of EEG based on multivariate empirical mode decomposition,2014,IEEE,depende,passou,passou,passou,depende,depende,depende,"Ver se o uso do metodo inclui filtragem temporal, já que fala ""The phase locking value (PLV) is one of the most effective measures widely used for phase synchronization analysis. We first calculate the PLVs of the pair-wise intrinsic mode functions (IMFs) based on multivariate empirical mode decomposition (MEMD) method. Next, the average PLV of the prominent pairs relative to the rest duration is adopted for the classification of motor imagery (MI) tasks. Comparative analysis with the EMD-based PLV method, the proposed method has a significant increase in feature separability for most subjects. This paper demonstrates that MEMD-based PLV method can provide an effective feature in the MI task classification and the potential for BCI applications""",passou
M. M. C. Ştefan; I. E. Nicolae; R. Strungaru; T. M. Vasile; O. A. Băjenaru; G. M. Ungureanu,Adaptive modelling of eeg signals to produce accurate time-frequency decompositions for use in BCI,2016,IEEE,depende,passou,passou,passou,depende,depende,depende,"Fala ""The algorithm presented in this paper automatically identifies a subject's specific reactive band by detecting the highest decrease in power. The decision is made after the recorded EEG signal is modeled with a Band-Limited Multiple Fourier Linear Combiner (BMFLC). The method adaptively estimates the amplitude of each frequency component in the given band of interest and produces a precise time-frequency map that can be afterwards used for increasingly accurate classification and BCI applications."". Logo parece ter filtro temporal, ou servir como um mão não ficou claro, por isso é bom verificar",passou
M. E. Alam; B. Samanta,Empirical mode decomposition of EEG signals for brain computer interface,2017,IEEE,depende,passou,passou,passou,depende,depende,depende,"Parece que usa EMD como filtro temporal. Artigo fala ""In this work, a signal processing technique, namely, empirical mode decomposition (EMD), has been proposed for processing EEG signals"", mas é bom conferir",passou
M. M. C. Ştefan; I. E. Nicolae; R. Strungaru; G. M. Ungureanu; M. Vasile; O. A. Băjenaru,A study on the efficient tracking of ERD based on the adaptive identification of the subject's reactive band,2016,IEEE,depende,passou,passou,passou,depende,depende,depende,"Parece apresentar um novo filtro, mas vou ler para ter certeza. Artigo fala "" The paper presents three improved methods of adaptively modelling the EEG signal, based on a Band Limited Multiple Fourier Linear Combiner (BMFLC). The time-frequency decomposition thus obtained is subsequently exploited in order to automatically identify the subject's specific reactive band""",passou
M. Ramkumar; C. G. Babu; R. S. Kumar; A. S; D. S. T K; P. G S,EEG Image Classification using Deep Metric Learning with Nearest Neighbor Technique,2023,IEEE,depende,passou,passou,passou,depende,depende,depende,"Resumo todo estranho, mas falou do uso do FFT no sinal, provavelmente como um filtro temporal. O artigo dá também uma acuracia para um problema de MI (só que foi escrito de forma tão estranha que n deu pra entender, parece caso de TL). O artigo fala ""Fast Fourier Transform converts time-domain Electroencephalogram (EEG) data to frequency-domain data. The Deep Metric Learning (DML) model using the nearest neighbor is used to train a spectrogram composed of 72 concatenated EEG channels. There were three sets of triplet pairings of epochs labeled positive, negative, and anchor in the training batch. The Recurrent Neural Network (RNN) is combined with a triplet loss function for minimizing the Euclidean distance in embeddings of the identical class. RNN can also increase the distance among the embeddings of various labeled images to train an embedding feature. An EEG dataset of 22 untrained people was used to test the suggested approach. It was demonstrated that the DML method using the nearest neighbor can be used for training samples in a way that 100 EEG trials for a single subject.""",passou
A. Connelly; P. Li; P. Rangpong; T. Wilaiprasitporn; T. Yagi,Effects of Trial-Adjusted Neurofeedback Training on Motor-Imagery Based Brain-Computer Interface Performance,2023,IEEE,depende,passou,passou,passou,depende,depende,depende,"Parece estar fora de escopo, pois o foco é um algoritmo externo a classificação do MI e sim para ididentificar nos treinamentos uma preferencia para movimentos imaginados para um dos lados. O artigo fala ""To address this MI bias in participants, a novel neurofeedback protocol was designed to adjust the number of trials each condition has. Trials will be adjusted to increase the number of times participants have to perform their weak MI task. This study aims to investigate the overall effect that the trial-adjusted neurofeedback had on participant’s cognitive performance on the MI-BCI system. The effects were investigated through time-frequency and band power analysis. The time-frequency analysis showed improvement in key MI feature and band power analysis results had an improvement on the alpha and beta frequency bands. In the analysis results, trial-adjusted neurofeedback was seen to have an effect on participant’s cognitive performance on the MI-BCI task.""",passou
S. Kiatthaveephong; S. Santiwongkarn; R. Chaisaen; C. Rungsilp; T. Yagi; T. Wilaiprasitporn,An Effect of Limb Position in Motor Imagery Training Paradigm in Immersive Virtual Environment,2022,IEEE,depende,passou,passou,passou,depende,depende,depende,"Objetivo do artigo é provar que VR pode ser usado para treinar em MI. Porem fala que se o braço estiver braço fora do lugar diminui a acuracia... Logo parece falar sobre o tema de forma indireta. Ler mais a fundo para ver se salva algo dele. O artigo fala ""This paper investigated the effect of induced MI activities when the virtual arms were at normal and shifted down position. The paradigm used of Virtual Reality (VR) to simulate the situation of having realistic and unrealistic arms position in an immersive virtual environment. Analyses of electroencephalograms (EEGs) revealed significant differences in MI activity levels between two positions on both the left and right sides. During shifted arms MI, the negative power regions were found in beta and gamma bands on the contralateral hemisphere in time-frequency analysis. Resting vs. normal position arms MI and resting vs. shifted position arms MI classification accuracy reached 80 % and 63 %, respectively. Overall, these findings suggested that taking into account the realistic physical position of virtual limbs is critical for optimizing MI training performance.""",passou
K. Kostoglou; G. R. Müller-Putz,Motor-Related EEG Analysis Using a Pole Tracking Approach,2024,IEEE,depende,passou,passou,passou,depende,depende,depende,"É uma classificação um pouco diferente pelo que eu entendi, mas ainda é uma classificação. Objetivo é analisar componentes espectrais importantes. O artigo fala ""This study introduces an alternative approach to electroencephalography (EEG) time-frequency analysis based on time-varying autoregressive (TV-AR) models in a cascade configuration to independently monitor key EEG spectral components. The method is evaluated for its neurophysiological interpretation and effectiveness in motor-related brain-computer interface (BCI) applications. Specifically, we assess the ability of the tracked EEG poles to discriminate between rest, movement execution (ME) and movement imagination (MI) in healthy subjects, as well as movement attempts (MA) in individuals with spinal cord injury (SCI)."". Ler mais para saber mas tem chance que não vai entrar, mesmo parecendo que tem filtro temporal (TV-AR)",passou
Y. Zhong; L. Yao; Y. Wang,Enhanced BCI Performance using Diffusion Model for EEG Generation,2024,IEEE,depende,passou,passou,passou,depende,depende,depende,"Artigo parece completamente fora do escopo. Fala de um metodo para gerar sinal de eeg e usar ele para intergrar nas samples de eeg e melhorar resultado. O artigo fala "" This study advocates the utilization of one of the most advanced generative models, the denoising diffusion probabilistic model (DDPM), for the artificial synthesis of Electroencephalogram (EEG) raw signals. The quality of the generated EEG signals is evaluated through both qualitative and quantitative analyses. Through dimensionality reduction projection, we observed a notable similarity in the data distributions between the generated EEG signals and real EEG signals. Additionally, spectral analysis indicates a striking similarity in energy distribution between the two, accompanied by the presence of an event-related synchronization (ERS) phenomenon in the generated EEG signals. Quantitative analysis reveals that the accuracy of generated EEG signals for left and right-hand motor imagery tasks is 89.81 ± 2.11%, with discriminative information related to classes predominantly concentrated in the motor-sensory cortex area and alpha-beta frequency band. Furthermore, the integration of generated EEG samples contributes to a 3.17% improvement in the classification performance of BCI-deficiency subjects."". Acredito que depois de checar se dentro do escopo, da para cortar se n tiver filtro.",passou
M. M. Wankhade; S. S. Chorage,Eye-Blink artifact Detection and Removal Approaches for BCI using EEG,2021,IEEE,depende,passou,passou,passou,depende,depende,depende,"Fala sobre bandpass, mas não ficou claro. Ler para ter certeza se tem filtro temporal e se encaixa no paradigma de classificação. O artigo fala ""The BCI system commonly includes pre-processing of raw brain signals, extraction of significant features and classification. Pre-processing plays an important role in the performance of the BCI system. In this paper, three preprocessing methods namely Band pass filtering, Common average referencing and Surface Laplacian are effectively implemented to reduce the various artifacts present in EEG signal thereby improving the performance of the BCI system.""",passou
Higashi H.; Tanaka T.,Simultaneous design of FIR filter banks and spatial patterns for EEG signal classification,2013,Scopus,depende,passou,passou,passou,depende,passou,depende,"o artigo fala ""To achieve accurate classification in CSP, it is necessary to find frequency bands that relate to brain activities associated with BCI tasks"" e complementa dizendo ""we propose discriminative filter bank CSP (DFBCSP) that designs finite impulse response filters and the associated spatial weights by optimizing an objective function which is a natural extension of that of CSP"". Eu diria que provavelmente vai ter filtro temporal, mas não ta claro se é problema de classificação.",passou
Zhu Z.; Liu F.; Mu S.; Tao K.,Adaptive spiking convolutional network for decoding motor imagery patterns,2025,Scopus,depende,passou,passou,passou,depende,passou,depende,"Fala do ""Adaptive Firing Threshold Spiking Convolutional Network (AFTSC-Net)"". Parece que não tem filtro temporal, nem tenho 100% certeza se é problema de classificação, assim é bom verificar pra saber se corta ele.",passou
Yang L.; Wu J.,Research on Motor Imagery Signal Recognition Method Based on Wavelet Packet Transform and ConvLSTM,2024,Scopus,depende,passou,passou,passou,depende,passou,depende,"O artigo fala "" This article combines the characteristics of CNN and LSTM models, and combines wavelet packet transform to propose a ConvLSTM based imaginative signal recognition model. The model first uses wavelet packet transform to extract features of EEG signals, then uses convolution operation for spatial features extraction of EEG signals, and uses LSTM network for temporal features extraction of EEG signals"", logo parece ter filtro temporal WPT, mas o LSTM é usado para extrair caracteristicas temporais, assim pode ser que seja também. Verificar se é isso mesmo.",passou
Albahri A.S.; Hamid R.A.; Alqaysi M.E.; Al-Qaysi Z.T.; Albahri O.S.; Alamoodi A.H.; Homod R.Z.; Deveci M.; Sharaf I.M.,Trust and explainability in robotic hand control via adversarial multiple machine learning models with EEG sensor data fusion: A fuzzy decision-making solution,2025,Scopus,depende,passou,passou,passou,depende,passou,depende,"É uma pesquisa secundaria a parte do problema de classificação, mas obtemos o resutado no final da acuracia (vindo da mesma fonte das competições como bciciv). O artigo fala ""In the first phase, raw MI-EEG datasets from the Graz University BCI competition are identified and preprocessed. The preprocessing encompasses six key stages: EEG-MI signal filtering, segmentation, time‒frequency domain feature extraction, merging and labeling, normalization (resulting in Dataset I), and feature fusion (resulting in Dataset II)""",passou
Y. Wang; X. Zheng; N. Gao,A Region of Interest-Based Electrophysiological Source Imaging Technology and its Applications in Analysis of Motor Imagery EEG Signals,2023,IEEE,depende,passou,passou,passou,depende,passou,depende,"Artigo estranho, vou ter que ler para saber, mas no fim parece usar FBCSP, só não sei se é para classificação em MI ou só analise mesmo.",passou
L. Wang; X. Deng; Q. Jiang; L. Zheng; C. Yang; L. Mo,Feature bands study of MI signals based on FBCSP for CNN,2022,IEEE,depende,passou,passou,passou,depende,passou,depende,"Não ficou claro se o escopo é ser um trabalho comparando algoritmos no paradigma de classificação de MI, mas como artigo fala ""In this paper, we start from the existing model and conduct experiments on the BCI public data set BCI Competition Set IV2a to investigate the feature bands of signals in different frequency band ranges, to construct the optimal feature matrix to improve the classification accuracy of the model. The experiments compare two traditional algorithms and an algorithm applying an artificial neural network."", provavelmente vai conter isso em algum lugar, logo é bom ler para ter certeza.",passou
C. -J. Lin; C. -H. Lin,Classification of EEG Signals Using a Common Spatial Pattern Based Motor-Imagery for a Lower-limb Rehabilitation Exoskeleton,2023,IEEE,depende,passou,passou,passou,depende,passou,depende,"O artigo fala ""The MI data is generated when a subject imagines the movement of a limb. Therefore, the signals were characterized by Common Spatial Pattern (CSP), Power Spectrum Density (PSD) and Discrete Wavelet Transform (DWT) in the specific Mu band of Auto Regressive model (AR). In the case of the lower-limb representation, there is a problem of reliably distinguishing leg movement intentions. The study shows how the combined use of multi-model signals can improve the accuracy and reliability of the human-machine interface. The signals induced by CSP, PSD, and DWT+AR are used for the lower-limb exoskeleton control commands to drive the movement in real time. With using the support vector machine (SVM), the signals are tested the classification precision."". Portanto parece ter filtro temporal, mas o paradigma não parece tão claro assim que é de classificação. Tem que ler para ter certeza",passou
V. G. B. Ayado; C. J. N. Dungca; S. A. Lazam; M. N. L. Pereira; J. R. O. Tan; S. V. Prado,Development of an EEG-based Motor Imagery Brain-Computer Interface System for Lower Limb Assistive Technologies,2018,IEEE,depende,passou,passou,passou,depende,passou,depende,"Fala de um Built-In filtro temporal no aparelho e também fala do uso de wavelet. Ler mais para ter certeza que considera esse trabalho dentro do conjunto. O artigo fala ""This study aims to develop an Electroencephalogram (EEG)-based Motor Imagery BCI system for lower limb movements usually used for everyday actions (i.e. walking up and down the stairs, and their sub-phases such as stance and swing) which will support the motor-impaired to be able to conduct daily life activities. In line with this, the brain activities were measured via EEG-based BCI system, using a 14-channel EMOTIV EPOC + device which provided raw signals. The acquired signals were then preprocessed using a built-in denoising filter and the stance and swing gait phases were segmented with the aid of a gyroscope. Each segment underwent feature extraction using Discrete Wavelet Transform (DWT). The interclass correlations of the extracted features were determined. Using the Artificial Neural Network (ANN) as the classification technique with a 10fold cross validation, an average accuracy of 94.59% was achieved.""",passou
O. George; S. Dabas; A. Sikder; R. O. Smith; P. Madiraju; N. Yahyasoltani; S. I. Ahamed,State-of-the-Art Versus Deep Learning: A Comparative Study of Motor Imagery Decoding Techniques,2022,IEEE,depende,passou,passou,passou,depende,passou,depende,"Comparação de state of art e deep learning. Pode ter filtro temporal ai dentro, ler e verificar, porem tem que ter certeza que se trata de casos de classificação de MI. Artigo fala ""Considering their success in other fields, which speaks to their potential for obtaining improved results over the SOTA, they should be explored for motor imagery decoding. This study takes a comparative approach in the use of deep learning as compared with the SOTA. From our findings, we infer that neural networks are suitable for motor imagery decoding and might be preferable over the SOTA. The use of specific feature extraction is also not as necessary as seen with SOTA approaches, though it might offer some gains in performance. Our results show a statistically significant improvement in decoding accuracies, up to 20% increase, with the use of NNs as compared with the SOTA. Also, we conclude that the use of crops for data augmentation might yield better results with shallow architectures as against deeper ones and that there might be other factors affecting the effectiveness of crops, needing further investigation.""",passou
A. C. Subrata; M. Agus Riyadi; T. Prakoso,EEG-based BMI using Multi-Class Motor Imagery for Bionic Arm,2020,IEEE,depende,passou,passou,passou,depende,passou,depende,"não ficou claro se tem filtro temporal nem se o paradigma é de classificação. O artigo fala sobre ""The electrical activity of the brain recorded using electroencephalography (EEG) can be utilized for bionic arm control. The movement of grasping an object to fulfill ADL is a complex movement, so a system that is able to overcome these needs is needed. The Brain-Machine Interface (BMI) with Motor Imagery (MI) on a bionic arm multiclass control system based on Fast Fourier Transform (FFT) and Support Vector Machine (SVM) is described and discussed in this article. The system built can handle complex movements grasping various objects and evaluated for use with long pauses. The experiment results show good SVM-FFT performance when implemented on a real bionic arm. The use of Additional Movement (AM) increases classification success by up to 20%. On the other hand, this system is able to handle usage even though it has been rested in a few minutes."". Ler e verificar.",passou
Wang J.; Yao L.; Wang Y.,Enhanced Online Continuous Brain-Control by Deep Learning-Based EEG Decoding,2025,Scopus,depende,passou,passou,passou,depende,passou,passou,"Fala do uso do FBCSP e de um modelo chamado IFNet. Aparentemente tem filtro temporal, porem não ta claro ainda se o artigo se trata de um caso de classificação.",passou
H. Higashi; T. Tanaka,Optimal design of a bank of spatio-temporal filters for EEG signal classification,2011,IEEE,depende,passou,passou,passou,depende,passou,passou,"O artigo fala ""In order to efficiently extract these brain activities, we propose a method to design plural filters and spatial weights which extract desired brain activity. The proposed method designs finite impulse response (FIR) filters and the associated spatial weights by optimization of an objective function which is a natural extension of CSP. Moreover, we show by a classification experiment that the bank of FIR filters which are designed by introducing an orthogonality into the objective function can extract good discriminative features. Moreover, the experiment result suggests that the proposed method can automatically detect and extract brain activities related to motor imagery."". Porém isso não deixa claro se ele fala do uso do metodo proposto em um problema de classificação MI. Ler para ter cesreza",passou
I. Mustafa; I. Mustafa,Smart thoughts: BCI based system implementation to detect motor imagery movements,2018,IEEE,depende,passou,passou,passou,depende,passou,passou,"Tem filtro temporal na forma de um bandpass. Artigo fala ""The purpose of this research is to enable the user to send motor imagery movements commands to the computer and make sure that the computer will perform these motor imagery movements correctly and consume less time for real-time processing. For ensuring all these things an algorithm (not only algorithm a way for BCI systems to record, filter and process signals smartly) is designed. In the proposed approach, major electrodes dealing with motor imagery movement are selected and others are eliminated, which make proposed system more effective light and fast after eliminating extra electrode signals are passed by the band-pass filter for eliminating contaminated signals. Results show that proposed system is increasing the accuracy of motor imagery movement detection. Eliminating the extra data efficiently, which is making the system more light and fast. By making the number of electrodes less proposed system is optimizing the signals which enabling real-time processing much better, fast and accurate. The main purpose of the proposed approach is to make BCI based motor imagery movement detection, better, fast, efficient and performing real-time operations. Proposed work has many avenues for the future.""",passou
Fagg A.H.; Ojakangas G.W.; Miller L.E.; Hatsopoulos N.G.,Kinetic trajectory decoding using motor cortical ensembles,2009,Scopus,depende,passou,passou,passou,nao_passou,depende,depende,Artigo se trata de um caso de MI fora do escopo de classificação. Não aparenta claramente se tem filtro temporal.,passou
Liu C.; Fu Y.; Yang J.; Xiong X.; Sun H.; Yu Z.,Discrimination of motor imagery patterns by electroencephalogram phase synchronization combined with frequency band energy,2017,Scopus,depende,passou,passou,passou,nao_passou,depende,depende,"Não é um caso de Classificação, mas fala """,passou
M. Hamedi; S. -H. Salleh; S. B. Samdin; A. M. Noor,Motor imagery brain functional connectivity analysis via coherence,2015,IEEE,depende,passou,passou,passou,nao_passou,depende,depende,"Artigo não é um caso de MI de classificação, mas sim um estudo exploratorio",passou
Abdul Ameer Abbas A.; Martínez-García H.,Real-Time Motor Imagery-Based Brain–Computer Interface System by Implementing a Frequency Band Selection,2023,Scopus,depende,passou,passou,passou,passou,depende,depende,"Artigo fala ""In addition, a digital signal filter will be designed to keep the most characteristic frequency bands of each individual and increase accuracy significantly"", mas vale a pena ver com certeza",passou
Kamousi B.; Amini A.N.; He B.,Classification of motor imagery by means of cortical current density estimation and Von Neumann entropy,2007,Scopus,depende,passou,passou,passou,passou,depende,depende,"Fala ""goal of the present study is to employ the source imaging methods such as cortical current density estimation for the classification of left- and right-hand motor imagery tasks"" depois fala ""EEG was first preprocessed by surface Laplacian filtering, time-frequency filtering, noise normalization and independent component analysis"". Verificar com mais clareza sobre o que se fala.",passou
Dong F.; Wu L.; Feng Y.; Liang D.,Research on Movement Intentions of Human's Left and Right Legs Based on Electro-Encephalogram Signals,2022,Scopus,depende,passou,passou,passou,passou,depende,depende,"Parece ser meio fora da curva, pois trabalha com movimento de perna robotica usando apenas classificação. Entretanto também não fala de um modelo, mas pode ser que tenha filtro temporal. Melhor olhar mais a fundo para ter certeza antes ja que ""the EEG signals generated by the protocol were preprocessed"".",passou
Yang B.-h.; Yan G.-z.; Yan R.-g.; Wu T.,Adaptive subject-based feature extraction in brain-computer interfaces using wavelet packet best basis decomposition,2007,Scopus,depende,passou,passou,passou,passou,depende,depende,"Fala que ""electroencephalogram (EEG) signals are decomposed to a given level by wavelet packet transform"". Pode ser que isso é filtro temporal, mas vale a pena ter certeza.",nao_passou
Pa Aung K.P.; Nwe K.H.,Regions of Interest (ROI) Analysis for Upper Limbs EEG Neuroimaging Schemes,2020,Scopus,depende,passou,passou,passou,passou,depende,depende,Não fala de forma clara de um modelo nem de um metodo de filtro temporal. Mas pode ser que tenha.,passou
Lemm S.; Schäfer C.; Curio G.,BCI Competition 2003 - Data set III: Modeling of sensorimotor μ rhythms for classification of imaginary hand movements,2004,Scopus,depende,passou,passou,passou,passou,depende,depende,"O Artigo fala "" filtering EEG wideband raw data with causal Morlet wavelets, which are adapted to individual EEG spectra. Since imaginary hand movements lead to perturbations of the ongoing pericentral μ rhythm, we estimate probabilistic models for amplitude modulation in lower (10 Hz) and upper (20 Hz) frequency bands over the sensorimotor hand cortices both contra- and ipsilaterally to the imagined movements (i.e., at EEG channels C3 and C4)"". Parece então usar Wavelets como um possivel filtro temporal.",passou
Zhao L.; Sun Y.; Ma Y.; Guo X.; He Y.; Gao X.,Research of brain-computer interface system based on motor imagery,2012,Scopus,depende,passou,passou,passou,passou,depende,depende,"O artigo fala ""Using elliptic filter to signal preprocessing, using FFT to extract the characteristic value of motor imagery EEG"". Possivelmente tem filtro temporal.",nao_passou
Herman P.; Prasad G.; McGinnity T.M.; Coyle D.,Comparative analysis of spectral approaches to feature extraction for EEG-based motor imagery classification,2008,Scopus,depende,passou,passou,passou,passou,depende,depende,"O artigo fala ""objective of the paper is to perform comparative analysis of different approaches to spectral signal representation such as power spectral density (PSD) techniques, atomic decompositions, time-frequency (t-f) energy distributions, continuous and discrete wavelet approaches, from which band power features can be extracted and used in the framework of MI classification"". Portanto parece ter filtro temporal.",passou
Schlögl A.; Lee F.; Bischof H.; Pfurtscheller G.,Characterization of four-class motor imagery EEG data for the BCI-competition 2005,2005,Scopus,depende,passou,passou,passou,passou,depende,depende,"Pode ser que o Kalman filter falado no artigo aparece como um filtro temporal, mas é melhor ler para ter certeza.",passou
Avilés-Cruz C.; Villegas-Cortez J.; Ferreyra-Ramírez A.; Zúnuñiga López A.,EEG pattern recognition: An efficient improvement combination of ERD/ERS/Laterality features to create a self-paced BCI system,2016,Scopus,depende,passou,passou,passou,passou,depende,depende,"artigo fala que ""Our proposal uses delta, theta, alfa and beta rhythms to BCI system. From the spectral power, an efficient combination of ERD/ERS/laterality features was used. Because electroencephalogram signals are non-stationary type and highly vary over time and frequency, a detailed time-frequency analysis is applied. Features coming from timefrequency analysis, where eight frequency bands ranging from 0 to 32 Hz were chosen"". Portanto, pode se dizer que usa filtro temporal dentro dessa abordagem, mas não fala claramente que usa.",nao_passou
López-Montes C.; Cárdenas-Peña D.; Castellanos-Dominguez G.,Supervised Relevance Analysis for Multiple Stein Kernels for Spatio-Spectral Component Selection in BCI Discrimination Tasks,2019,Scopus,depende,passou,passou,passou,passou,depende,depende,"O artigo fala "" propose a spatio-spectral relevance analysis, termed Multiple Stein Kernels (MSK), to simultaneously select channels and bands in a supervised criterion, so reducing the spatial and frequency dimension"". Parece que usa um metodo de filtragem temporal, vale a pena verificar se o MSK funciona como tal ou se tem outro.",passou
Sun L.; Feng Z.R.,Classification of imagery motor EEG data with wavelet denoising and features selection,2016,Scopus,depende,passou,passou,passou,passou,depende,depende,"O artigo fala "" wavelet denoising algorithm is proposed to reduce noise from motor imagery EEG data and a power spectral density (PSD) feature selection method is used to improve classification accuracy"". Parece usar wavelet como filtro temporal.",passou
Yong X.; Menon C.,EEG classification of different imaginary movements within the same limb,2015,Scopus,depende,passou,passou,passou,passou,depende,depende,Fala sobre classificação de mesmo membro do corpo. Pode ser que tenha filtro temporal. Ler pra ter certeza,passou
Kong W.; Guo X.; Zhao X.; Wei D.; Hu S.; Dai G.; Vecchiato G.; Babiloni F.,Spectral analysis of brain function network for the classification of motor imagery tasks,2011,Scopus,depende,passou,passou,passou,passou,depende,depende,"Então, fala ""It is different from classical methods which classified the MI task with time-frequency analysis on EEG signals. It employs the brain function network(BFN) as a new characteristic to describe MI tasks"". Portanto não é exatamente o mesmo ponto analise. Porem é possivel que não tenha filtro temporal por conta disso. Só ver se tem para poder incluir ou n",passou
Lu N.; Li T.; Pan J.; Ren X.; Feng Z.; Miao H.,Structure constrained semi-nonnegative matrix factorization for EEG-based motor imagery classification,2015,Scopus,depende,passou,passou,passou,passou,depende,depende,"O artigo fala ""structure constrained semi-nonnegative matrix factorization (SCS-NMF), to extract the key patterns of EEG data in time domain by imposing the mean envelopes of event-related potentials (ERPs) as constraints on the semi-NMF procedure. The proposed method is applicable to general EEG time series, and the extracted temporal features by SCS-NMF can also be combined with other features in frequency domain to improve the performance of motor imagery classification"" e complementa falando que compara ""ICA, PCA, Semi-NMF, Wavelets, EMD and CSP"". Verificar mais a fundo pra saber se SCS-NMF é realmente filtro temporal ou só uma das partes dele",passou
Kumar R.; Sahu M.; Mohdiwale S.,Two Class Motor Imagery Classification Based on ANFIS,2020,Scopus,depende,passou,passou,passou,passou,depende,depende,"Tem que ver se tem uso como filtro temporal, mas o artigo fala ""This paper present better pre-processing and classification for motor imagery based EEG signals. Discrete wavelet transform (DWT) features are computed from decomposed coefficients. Equal width discretization (EWD) and Shannon entropy were used to discretize and for selection of features respectively. After that selected features are applied as input into ANFIS for classification"".",nao_passou
T. Nguyen; S. Nahavandi; A. Khosravi; D. Creighton; I. Hettiarachchi,EEG signal analysis for BCI application using fuzzy system,2015,IEEE,depende,passou,passou,passou,passou,depende,depende,"Fala sobre ""An approach to EEG signal classification for brain-computer interface (BCI) application using fuzzy standard additive model is introduced in this paper. The Wilcoxon test is employed to rank wavelet coefficients. Top ranking wavelets are used to form a feature set that serves as inputs to the fuzzy classifiers""",passou
M. Ahmad; M. Aqil,Implementation of nonlinear classifiers for adaptive autoregressive EEG features classification,2015,IEEE,depende,passou,passou,passou,passou,depende,depende,"Não fica claro o pipeline usado nem se tem filtro temporal. O artigo só fala ""For validation, hands movement imaginations based experiments are conducted using low price EEG EPOC headset. A comparative study, carried out amongst the nonlinear classifiers and with a linear discriminant analysis, demonstrates the dominance of the MLP as nonlinear classifier"" e ""The EEG features are modeled as adaptive autoregressive model and estimated using recurring least square algorithm"".",passou
P. Gaur; R. B. Pachori; Hui Wang; G. Prasad,An empirical mode decomposition based filtering method for classification of motor-imagery EEG signals for enhancing brain-computer interface,2015,IEEE,depende,passou,passou,passou,passou,depende,depende,"Parece falar que tem um novo filtro ""we present a new filtering method based on the empirical mode decomposition (EMD) for classification of motor imagery (MI) electroencephalogram (EEG) signals for enhancing brain-computer interface (BCI)"". Entretanto vale a pena ler pra ter certeza",passou
J. Hurtado-Rincon; S. Rojas-Jaramillo; Y. Ricardo-Cespedes; A. M. Álvarez-Meza; G. Castellanos-Domínguez,Motor imagery classification using feature relevance analysis: An Emotiv-based BCI system,2014,IEEE,depende,passou,passou,passou,passou,depende,depende,"Fala de 2 datasets de paradigmas diferentes, mas tem um de MI. Verificar se tem filtro já que fala ""In this work, a time-series discrimination methodology, called Motor Imagery Discrimination by Relevance Analysis (MIDRA), is presented to support the development of BCI from EEG data""",passou
X. Guo; X. Wu; X. Gong; L. Zhang,Envelope detection based on online ICA algorithm and its application to motor imagery classification,2013,IEEE,depende,passou,passou,passou,passou,depende,depende,"Estranho, porem pode ser que tenha filtro temporal já que fala ""This paper explored a new approach of applying online ICA based on sliding window Infomax algorithm for BCI implementation. In addition to having good performance of blind source separation as traditional ICA, the proposed method has the characteristics that can synchronously realize the online envelope detection of multi-channel signals, which is that other methods do not have, such as Hilbert transform. Then the online ICA is applied to the envelope detection of mu rhythm evoked by motor imagery and good classification results of imagining left and right hand movement are achieved on real-life data""",passou
E. Abdalsalam M.; M. Z. Yusoff; N. Kamel; A. Malik; M. Meselhy,Mental task motor imagery classifications for noninvasive brain computer interface,2014,IEEE,depende,passou,passou,passou,passou,depende,depende,"Artigo fala ""The data were preprocessed to remove the artifact as well as the noise by using EEGlab toolbox. Wavelet transforms namely Daubechies and symlets were used for feature extraction"". É bom verificar para ter certeza se tem filtro e quais foram aplicados.",passou
K. Belwafi; R. Djemal; F. Ghaffari; O. Romain,An adaptive EEG filtering approach to maximize the classification accuracy in motor imagery,2014,IEEE,depende,passou,passou,passou,passou,depende,depende,"Artigo fala sobre um filtro adaptativo, mas é bom verificar. Ele fala ""We propose in this paper a novel approach of adaptive filtering of EEG signals. The filter adapts to the intrinsic characteristics of each person. The goal of the proposed method is to enhance the accuracy of the home devices system controlled by the thoughts related to two motor imagery actions. μ-rhythm and β-rhythm are the specific returned bands that contain the information. The main idea of the proposed method is to preserve the frequency bands of interest with a different value of the SNR on the stop-band""",passou
H. Yang; C. Guan; C. C. Wang; K. K. Ang,Maximum dependency and minimum redundancy-based channel selection for motor imagery of walking EEG signal detection,2013,IEEE,depende,passou,passou,passou,passou,depende,depende,"Verificar, pois o resumo não deixa claro sobre o uso de filtro temporal. Artigo fala ""Comparison results revealed significantly superior performance of our proposed method compared to that obtained using common spatial pattern and filter bank with power features. Most importantly, our proposed method achieves significant better accuracy for poor BCI performers compared to existing methods""",passou
M. -a. Li; X. Luo; M. Zhang; J. Yang,Feature extraction and visualization of MI-EEG by LLE algorithm,2016,IEEE,depende,passou,passou,passou,passou,depende,depende,"O artigo fala ""To obtain features that can fully describe the information from a nonlinear nature and time-frequency perspective of MI-EEG, a novel feature extraction method is proposed based on the Locally Linear Embedding algorithm (LLE) and DWT. The multi-scale multi-resolution analysis is implemented for MI-EEG with DWT, and the valid time and frequency windows are determined in advance by a Wigner-Ville distribution. In view of the nonlinear structure in MI-EEG, LLE is applied to the approximation components to obtain the nonlinear features, and the statistics of the detail components are calculated to obtain the time-frequency features. After an organic combination of the two features, a Back-Propagation neural network optimized by a Genetic Algorithm was employed as a classifier to evaluate the effectiveness of the proposed feature extraction method."". Tem que verificar se LLE ou DWT aparace sendo o filtro temporal",passou
J. Camacho; V. Manian,Real-time single channel EEG motor imagery based Brain Computer Interface,2016,IEEE,depende,passou,passou,passou,passou,depende,depende,"Parece usar o STFT como filtro, já que fala ""Time frequency analysis using Short Time Fourier Transform (STFT) is used to compute spectrogram from the EEG data. The STFT is scaled to have gray level values on which Grey Co-occurrence Matrix (GLCM) is computed. Texture descriptors such as correlation, energy, contrast, homogeneity and dissimilarity are calculated from the GLCM matrices"", mas é bom verificar",passou
X. Li; H. Zhang; C. Guan; S. H. Ong; Y. Pan; K. K. Ang,Joint spatial-temporal filter design for analysis of motor imagery EEG,2013,IEEE,depende,passou,passou,passou,passou,depende,depende,"Fala de uma abordagem que trabalha com propagação do sinal e padrões espaciais. Não fica claro se tem filtro temporal. O artigo fala "" we propose that computational models which account for both signal propagation and volume conduction effects of the source neuronal activities can more accurately describe EEG during the specific brain activities and lead to more effective feature extraction. To this end, we devise a unified model for joint learning of signal propagation and spatial patterns.""",passou
P. Eskandari; A. Erfanian,Improving the performance of brain-computer interface through meditation practicing,2008,IEEE,depende,passou,passou,passou,passou,depende,depende,"O artigo fala ""The time-frequency analysis of EEG signals for meditation practitioners showed an event-related desynchronization (ERD) of beta rhythm before imagination during resting state."", mas não está claro se tem filtro temporal.",passou
P. Herman; G. Prasad; T. M. McGinnity; D. Coyle,Comparative Analysis of Spectral Approaches to Feature Extraction for EEG-Based Motor Imagery Classification,2008,IEEE,depende,passou,passou,passou,passou,depende,depende,,passou
L. Qin; J. Deng; L. Ding; B. He,Motor imagery classification by means of source analysis methods,2004,IEEE,depende,passou,passou,passou,passou,depende,depende,"Fala sobre o ICA como filtro espaço-temporal, mas não sei, vou verificar. O artigo fala ""We report our investigation of classification of imagined left and right hand movements by applying source analysis methods. Independent component analysis (ICA) is used as a spatio-temporal filter, then equivalent dipole analysis and cortical current density imaging methods are applied to reconstruct equivalent sources, to aid classification of motor imagery tasks in a human subject.""",passou
N. Yamawaki; C. Wilke; Z. M. Liu; B. He,Enhancement of Performance of an EEG-based Brain-Computer Interface by means of a Time-Frequency Approach,2005,IEEE,depende,passou,passou,passou,passou,depende,depende,"Artigo fala ""We have developed a novel time-frequency approach of classification of motor imagery (MI) tasks for brain-computer interface (BCI) applications."", mas só isso também. Verificar para ter certeza.",passou
C. Vidaurre; A. Schlogl; R. Cabeza; R. Scherer; G. Pfurtscheller,Study of On-Line Adaptive Discriminant Analysis for EEG-Based Brain Computer Interfaces,2007,IEEE,depende,passou,passou,passou,passou,depende,depende,"Não fala nada da filtragem temporal usada, se foi usada.",passou
B. Xu; A. Song; J. Wu,Algorithm of Imagined Left-Right Hand Movement Classification Based on Wavelet Transform and AR Parameter Model,2007,IEEE,depende,passou,passou,passou,passou,depende,depende,"O artigo fala ""The wavelet coefficients and autoregressive parameter model was used to extraction the features from the motor imagery EEG and the linear discriminant analysis based on mahalanobis distance was utilized to classify the pattern of left and right hand movement imagery."". Pode cer que o wavelet é o filtro temporal, mas é bom ver.",passou
W. Wu; X. Gao; B. Hong; S. Gao,Classifying Single-Trial EEG During Motor Imagery by Iterative Spatio-Spectral Patterns Learning (ISSPL),2008,IEEE,depende,passou,passou,passou,passou,depende,depende,"O artigo fala de um filtro espectral, que portanto abrange a parte temporal, entretanto acho melhor verificar para ter certeza. O artigo fala ""In this paper, we present a new algorithm termed iterative spatio-spectral patterns learning (ISSPL) that employs statistical learning theory to perform automatic learning of spatio-spectral filters. In ISSPL, spectral filters and the classifier are simultaneously parameterized for optimization to achieve good generalization performance. A detailed derivation and theoretical analysis of ISSPL are given.""",passou
Pengfei Wei; Qiuhua Li; Guanglin Li,Classifying motor imagery EEG by Empirical Mode Decomposition based on spatial-time-frequency joint analysis approach,2009,IEEE,depende,passou,passou,passou,passou,depende,depende,"Parce usar EMD como filtro temporal, já que fala ""A novel spatial-time-frequency approach to classify the different mental task in brain computer interface was presented. A high resolution time-frequency spectral was achieved by using empirical mode decomposition and Hilbert-Huang transform, and the subject specific spatial-time-frequency joint features were extracted from the restricted spectral of multi-channel EEG recordings.""",passou
K. P. Thomas; C. Guan; L. C. Tong; A. P. Vinod,A Study on the impact of spectral variability in brain-computer interface,2010,IEEE,depende,passou,passou,passou,passou,depende,depende,"O artigo parece fazer um estudo interessante sobre bandas de frequencia para cada sujeito em cada sessão. O artigo fala ""In this paper, we investigate the variability of discriminative spectral ranges and its impact on classification accuracy. It is found that for each subject, his discriminative frequency bands changes significantly from session to session, but keeps almost stable within a session. We then propose a method to adaptively update the discriminative frequency bands using Time-Frequency fisher ratio."". Parece que criaram um filtro temporal adaptativo, mas é bom ler mais a fundo para ter certeza",passou
Huijuan Yang; C. Guan; K. K. Ang; C. C. Wang; K. S. Phua; Juanhong Yu,Dynamic initiation and dual-tree complex wavelet feature-based classification of motor imagery of swallow EEG signals,2012,IEEE,depende,passou,passou,passou,passou,depende,depende,"Parce usar DT-CWT, mas não tenho certeza se como filtro temporal. O artigo fala ""The proposed scheme extracts features from the coefficients of dual-tree complex wavelet transform (DT-CWT). A novel sliding window-based peak localization scheme is proposed to dynamically locate the initiation of tongue movement from Electromyography (EMG) signal""",passou
J. Gu; R. Ward,Novel feature generation and classification for a 2-state Self-paced Brain Computer Interface system,2012,IEEE,depende,passou,passou,passou,passou,depende,depende,"Artigo fala ""This paper introduces a novel feature generation method for EEG motor imagery data, based on Multivariate Empirical Mode Decomposition (MEMD), the Hilbert Transform and a phase synchronization index. Novelties of our approach are (1) MEMD is applied for decomposing an EEG signal into its narrow-band frequency components, from which features of the different brain states are calculated, and (2) a phase synchronization index is calculated without averaging over trials or time."". Parece mais um outro MEMD",passou
O. Carrera-León; J. M. Ramirez; V. Alarcon-Aquino; M. Baker; D. D'Croz-Baron; P. Gomez-Gil,A motor imagery BCI experiment using wavelet analysis and spatial patterns feature extraction,2012,IEEE,depende,passou,passou,passou,passou,depende,depende,"O artigo fala "" In this work, a convenient time-frequency representation (TFR) for visualizing ERD/ERS phenomenon (Event related synchronization and desynchronization) based on Hilbert transform and spatial patterns is addressed, and a wavelet based feature extraction method for motor imagery tasks is presented."". Possivelmente vai ser +1 filtro temporal",passou
I. Homri; S. Yacoub; N. Ellouze,Optimal segments selection for EEG classification,2012,IEEE,depende,passou,passou,passou,passou,depende,depende,"Parece usar wavelet como filtro temporal, ler para ter certeza. O artigo fala "" To extract discriminating features from EEG signals, wavelet transform is a concrete method which deals with time frequency aspect of non stationary EEG signals.""",passou
